<?xml version='1.0' encoding='UTF-8'?>
<gpx version="1.1" creator="https://www.komoot.de" xmlns="http://www.topografix.com/GPX/1/1" xmlns:xsi="http://www.w3.org/2001/XMLSchema-instance" xsi:schemaLocation="http://www.topografix.com/GPX/1/1 http://www.topografix.com/GPX/1/1/gpx.xsd">
  <metadata>
    <name>from Curaglia to Campo (Blenio)</name>
    <author>
      <link href="https://www.komoot.de">
        <text>komoot</text>
        <type>text/html</type>
      </link>
    </author>
  </metadata>
  <wpt lat="46.640050" lon="8.910440">
    <name>Medelserhütte SAC</name>
    <sym>Fishing Hot Spot Facility</sym>
  </wpt>
  <wpt lat="46.593323" lon="9.005391">
    <name>Motterascio Hut</name>
    <sym>Fishing Hot Spot Facility</sym>
  </wpt>
  <wpt lat="46.607785" lon="8.940385">
    <name>Scaletta Hut</name>
    <sym>Fishing Hot Spot Facility</sym>
  </wpt>
  <trk>
    <name>from Curaglia to Campo (Blenio)</name>
    <type>hike</type>
    <trkseg>
      <trkpt lat="46.675565" lon="8.855686">
        <ele>1266.787440</ele>
        <time>2026-09-11T15:39:37.244Z</time>
      </trkpt>
      <trkpt lat="46.675643" lon="8.855741">
        <ele>1266.787440</ele>
        <time>2026-09-11T15:39:46.811Z</time>
      </trkpt>
      <trkpt lat="46.675760" lon="8.855769">
        <ele>1266.787440</ele>
        <time>2026-09-11T15:40:00.023Z</time>
      </trkpt>
      <trkpt lat="46.675903" lon="8.855751">
        <ele>1266.787440</ele>
        <time>2026-09-11T15:40:15.997Z</time>
      </trkpt>
      <trkpt lat="46.677043" lon="8.855498">
        <ele>1271.626335</ele>
        <time>2026-09-11T15:42:36.799Z</time>
      </trkpt>
      <trkpt lat="46.677185" lon="8.855548">
        <ele>1272.799467</ele>
        <time>2026-09-11T15:42:55.546Z</time>
      </trkpt>
      <trkpt lat="46.677264" lon="8.855624">
        <ele>1273.559609</ele>
        <time>2026-09-11T15:43:07.722Z</time>
      </trkpt>
      <trkpt lat="46.677325" lon="8.855742">
        <ele>1274.373648</ele>
        <time>2026-09-11T15:43:20.883Z</time>
      </trkpt>
      <trkpt lat="46.677349" lon="8.855859">
        <ele>1275.046483</ele>
        <time>2026-09-11T15:43:31.755Z</time>
      </trkpt>
      <trkpt lat="46.677329" lon="8.856073">
        <ele>1276.236458</ele>
        <time>2026-09-11T15:43:51.025Z</time>
      </trkpt>
      <trkpt lat="46.677222" lon="8.856262">
        <ele>1277.586542</ele>
        <time>2026-09-11T15:44:12.867Z</time>
      </trkpt>
      <trkpt lat="46.677095" lon="8.856357">
        <ele>1278.732889</ele>
        <time>2026-09-11T15:44:31.470Z</time>
      </trkpt>
      <trkpt lat="46.676490" lon="8.856651">
        <ele>1284.999074</ele>
        <time>2026-09-11T15:45:55.924Z</time>
      </trkpt>
      <trkpt lat="46.676368" lon="8.856747">
        <ele>1286.598426</ele>
        <time>2026-09-11T15:46:14.168Z</time>
      </trkpt>
      <trkpt lat="46.676238" lon="8.856925">
        <ele>1288.656015</ele>
        <time>2026-09-11T15:46:37.688Z</time>
      </trkpt>
      <trkpt lat="46.676120" lon="8.857204">
        <ele>1291.250072</ele>
        <time>2026-09-11T15:47:07.495Z</time>
      </trkpt>
      <trkpt lat="46.675807" lon="8.858320">
        <ele>1300.792484</ele>
        <time>2026-09-11T15:49:13.054Z</time>
      </trkpt>
      <trkpt lat="46.675690" lon="8.858603">
        <ele>1303.166564</ele>
        <time>2026-09-11T15:49:51.392Z</time>
      </trkpt>
      <trkpt lat="46.675600" lon="8.858724">
        <ele>1304.340598</ele>
        <time>2026-09-11T15:50:11.148Z</time>
      </trkpt>
      <trkpt lat="46.675422" lon="8.858843">
        <ele>1306.218309</ele>
        <time>2026-09-11T15:50:41.163Z</time>
      </trkpt>
      <trkpt lat="46.675228" lon="8.858849">
        <ele>1308.078863</ele>
        <time>2026-09-11T15:51:08.658Z</time>
      </trkpt>
      <trkpt lat="46.675055" lon="8.858750">
        <ele>1309.860927</ele>
        <time>2026-09-11T15:51:33.716Z</time>
      </trkpt>
      <trkpt lat="46.674901" lon="8.858527">
        <ele>1311.942444</ele>
        <time>2026-09-11T15:52:01.972Z</time>
      </trkpt>
      <trkpt lat="46.674816" lon="8.858263">
        <ele>1313.860991</ele>
        <time>2026-09-11T15:52:27.804Z</time>
      </trkpt>
      <trkpt lat="46.674647" lon="8.857352">
        <ele>1319.896332</ele>
        <time>2026-09-11T15:53:45.962Z</time>
      </trkpt>
      <trkpt lat="46.674560" lon="8.857150">
        <ele>1321.143250</ele>
        <time>2026-09-11T15:54:04.740Z</time>
      </trkpt>
      <trkpt lat="46.674417" lon="8.857048">
        <ele>1322.356371</ele>
        <time>2026-09-11T15:54:23.276Z</time>
      </trkpt>
      <trkpt lat="46.674254" lon="8.857091">
        <ele>1323.618570</ele>
        <time>2026-09-11T15:54:42.735Z</time>
      </trkpt>
      <trkpt lat="46.674300" lon="8.857147">
        <ele>1324.075272</ele>
        <time>2026-09-11T15:54:49.885Z</time>
      </trkpt>
      <trkpt lat="46.674520" lon="8.857207">
        <ele>1325.780712</ele>
        <time>2026-09-11T15:55:17.051Z</time>
      </trkpt>
      <trkpt lat="46.674539" lon="8.857261">
        <ele>1326.097992</ele>
        <time>2026-09-11T15:55:22.336Z</time>
      </trkpt>
      <trkpt lat="46.674467" lon="8.857722">
        <ele>1328.569853</ele>
        <time>2026-09-11T15:56:03.209Z</time>
      </trkpt>
      <trkpt lat="46.674196" lon="8.857853">
        <ele>1330.745422</ele>
        <time>2026-09-11T15:56:41.405Z</time>
      </trkpt>
      <trkpt lat="46.673799" lon="8.858216">
        <ele>1334.780044</ele>
        <time>2026-09-11T15:57:44.589Z</time>
      </trkpt>
      <trkpt lat="46.673722" lon="8.858364">
        <ele>1336.075974</ele>
        <time>2026-09-11T15:58:02.410Z</time>
      </trkpt>
      <trkpt lat="46.673585" lon="8.858422">
        <ele>1337.526685</ele>
        <time>2026-09-11T15:58:22.288Z</time>
      </trkpt>
      <trkpt lat="46.673654" lon="8.858605">
        <ele>1338.983621</ele>
        <time>2026-09-11T15:58:42.225Z</time>
      </trkpt>
      <trkpt lat="46.673690" lon="8.858820">
        <ele>1340.527770</ele>
        <time>2026-09-11T15:59:03.023Z</time>
      </trkpt>
      <trkpt lat="46.673791" lon="8.858903">
        <ele>1341.706838</ele>
        <time>2026-09-11T15:59:18.645Z</time>
      </trkpt>
      <trkpt lat="46.673838" lon="8.859068">
        <ele>1342.953359</ele>
        <time>2026-09-11T15:59:34.862Z</time>
      </trkpt>
      <trkpt lat="46.673843" lon="8.859165">
        <ele>1343.632065</ele>
        <time>2026-09-11T15:59:43.732Z</time>
      </trkpt>
      <trkpt lat="46.673819" lon="8.859216">
        <ele>1344.063557</ele>
        <time>2026-09-11T15:59:49.364Z</time>
      </trkpt>
      <trkpt lat="46.674217" lon="8.860062">
        <ele>1351.220549</ele>
        <time>2026-09-11T16:01:22.943Z</time>
      </trkpt>
      <trkpt lat="46.674176" lon="8.860106">
        <ele>1351.812890</ele>
        <time>2026-09-11T16:01:29.536Z</time>
      </trkpt>
      <trkpt lat="46.674336" lon="8.860154">
        <ele>1353.713469</ele>
        <time>2026-09-11T16:01:50.768Z</time>
      </trkpt>
      <trkpt lat="46.674528" lon="8.860348">
        <ele>1356.431676</ele>
        <time>2026-09-11T16:02:21.472Z</time>
      </trkpt>
      <trkpt lat="46.674899" lon="8.860748">
        <ele>1361.800892</ele>
        <time>2026-09-11T16:03:24.819Z</time>
      </trkpt>
      <trkpt lat="46.674960" lon="8.860855">
        <ele>1362.911442</ele>
        <time>2026-09-11T16:03:37.707Z</time>
      </trkpt>
      <trkpt lat="46.674987" lon="8.861133">
        <ele>1365.152833</ele>
        <time>2026-09-11T16:04:04.207Z</time>
      </trkpt>
      <trkpt lat="46.675071" lon="8.861271">
        <ele>1366.625510</ele>
        <time>2026-09-11T16:04:21.704Z</time>
      </trkpt>
      <trkpt lat="46.675118" lon="8.861410">
        <ele>1367.862565</ele>
        <time>2026-09-11T16:04:36.758Z</time>
      </trkpt>
      <trkpt lat="46.675149" lon="8.861613">
        <ele>1369.522757</ele>
        <time>2026-09-11T16:04:57.309Z</time>
      </trkpt>
      <trkpt lat="46.675106" lon="8.862001">
        <ele>1372.805549</ele>
        <time>2026-09-11T16:05:39.526Z</time>
      </trkpt>
      <trkpt lat="46.675119" lon="8.862563">
        <ele>1378.566335</ele>
        <time>2026-09-11T16:06:48.744Z</time>
      </trkpt>
      <trkpt lat="46.675170" lon="8.862985">
        <ele>1382.956141</ele>
        <time>2026-09-11T16:07:43.043Z</time>
      </trkpt>
      <trkpt lat="46.675167" lon="8.863257">
        <ele>1385.743053</ele>
        <time>2026-09-11T16:08:14.655Z</time>
      </trkpt>
      <trkpt lat="46.675175" lon="8.863324">
        <ele>1386.439762</ele>
        <time>2026-09-11T16:08:21.349Z</time>
      </trkpt>
      <trkpt lat="46.675151" lon="8.863406">
        <ele>1387.353063</ele>
        <time>2026-09-11T16:08:30.466Z</time>
      </trkpt>
      <trkpt lat="46.675096" lon="8.863422">
        <ele>1388.190468</ele>
        <time>2026-09-11T16:08:38.620Z</time>
      </trkpt>
      <trkpt lat="46.675031" lon="8.863376">
        <ele>1389.269349</ele>
        <time>2026-09-11T16:08:48.808Z</time>
      </trkpt>
      <trkpt lat="46.674832" lon="8.863156">
        <ele>1392.998727</ele>
        <time>2026-09-11T16:09:24.617Z</time>
      </trkpt>
      <trkpt lat="46.674690" lon="8.862841">
        <ele>1396.860000</ele>
        <time>2026-09-11T16:10:04.026Z</time>
      </trkpt>
      <trkpt lat="46.674611" lon="8.862755">
        <ele>1398.332274</ele>
        <time>2026-09-11T16:10:20.003Z</time>
      </trkpt>
      <trkpt lat="46.674524" lon="8.862731">
        <ele>1399.952398</ele>
        <time>2026-09-11T16:10:35.245Z</time>
      </trkpt>
      <trkpt lat="46.674444" lon="8.862689">
        <ele>1401.803155</ele>
        <time>2026-09-11T16:10:49.684Z</time>
      </trkpt>
      <trkpt lat="46.674326" lon="8.862477">
        <ele>1405.879924</ele>
        <time>2026-09-11T16:11:24.250Z</time>
      </trkpt>
      <trkpt lat="46.674105" lon="8.862240">
        <ele>1411.851932</ele>
        <time>2026-09-11T16:12:15.153Z</time>
      </trkpt>
      <trkpt lat="46.674037" lon="8.862240">
        <ele>1413.331976</ele>
        <time>2026-09-11T16:12:28.123Z</time>
      </trkpt>
      <trkpt lat="46.673830" lon="8.862444">
        <ele>1418.770783</ele>
        <time>2026-09-11T16:13:15.727Z</time>
      </trkpt>
      <trkpt lat="46.673957" lon="8.862725">
        <ele>1423.795893</ele>
        <time>2026-09-11T16:14:03.614Z</time>
      </trkpt>
      <trkpt lat="46.673985" lon="8.862861">
        <ele>1425.916415</ele>
        <time>2026-09-11T16:14:24.758Z</time>
      </trkpt>
      <trkpt lat="46.673853" lon="8.862813">
        <ele>1428.877522</ele>
        <time>2026-09-11T16:14:56.531Z</time>
      </trkpt>
      <trkpt lat="46.673724" lon="8.862868">
        <ele>1431.802933</ele>
        <time>2026-09-11T16:15:30.119Z</time>
      </trkpt>
      <trkpt lat="46.673695" lon="8.863077">
        <ele>1434.987393</ele>
        <time>2026-09-11T16:16:07.638Z</time>
      </trkpt>
      <trkpt lat="46.673736" lon="8.863173">
        <ele>1436.676129</ele>
        <time>2026-09-11T16:16:27.943Z</time>
      </trkpt>
      <trkpt lat="46.673710" lon="8.863320">
        <ele>1439.197975</ele>
        <time>2026-09-11T16:16:54.944Z</time>
      </trkpt>
      <trkpt lat="46.673336" lon="8.863385">
        <ele>1450.032721</ele>
        <time>2026-09-11T16:18:34.632Z</time>
      </trkpt>
      <trkpt lat="46.673156" lon="8.863476">
        <ele>1455.513306</ele>
        <time>2026-09-11T16:19:25.097Z</time>
      </trkpt>
      <trkpt lat="46.673006" lon="8.863637">
        <ele>1460.872145</ele>
        <time>2026-09-11T16:20:14.885Z</time>
      </trkpt>
      <trkpt lat="46.673008" lon="8.863718">
        <ele>1462.471972</ele>
        <time>2026-09-11T16:20:29.924Z</time>
      </trkpt>
      <trkpt lat="46.673159" lon="8.863956">
        <ele>1468.870076</ele>
        <time>2026-09-11T16:21:29.214Z</time>
      </trkpt>
      <trkpt lat="46.673313" lon="8.864122">
        <ele>1474.380095</ele>
        <time>2026-09-11T16:22:18.571Z</time>
      </trkpt>
      <trkpt lat="46.673448" lon="8.864167">
        <ele>1478.363798</ele>
        <time>2026-09-11T16:22:53.186Z</time>
      </trkpt>
      <trkpt lat="46.673522" lon="8.864323">
        <ele>1482.107105</ele>
        <time>2026-09-11T16:23:24.704Z</time>
      </trkpt>
      <trkpt lat="46.673482" lon="8.864876">
        <ele>1492.480800</ele>
        <time>2026-09-11T16:24:54.275Z</time>
      </trkpt>
      <trkpt lat="46.673426" lon="8.865072">
        <ele>1495.881111</ele>
        <time>2026-09-11T16:25:28.094Z</time>
      </trkpt>
      <trkpt lat="46.673352" lon="8.865122">
        <ele>1497.784943</ele>
        <time>2026-09-11T16:25:46.431Z</time>
      </trkpt>
      <trkpt lat="46.672885" lon="8.864911">
        <ele>1509.196993</ele>
        <time>2026-09-11T16:27:36.123Z</time>
      </trkpt>
      <trkpt lat="46.672596" lon="8.865027">
        <ele>1516.193699</ele>
        <time>2026-09-11T16:28:41.436Z</time>
      </trkpt>
      <trkpt lat="46.672345" lon="8.865343">
        <ele>1523.935585</ele>
        <time>2026-09-11T16:29:50.133Z</time>
      </trkpt>
      <trkpt lat="46.672038" lon="8.865299">
        <ele>1531.135835</ele>
        <time>2026-09-11T16:30:53.359Z</time>
      </trkpt>
      <trkpt lat="46.671749" lon="8.865144">
        <ele>1536.590437</ele>
        <time>2026-09-11T16:31:57.388Z</time>
      </trkpt>
      <trkpt lat="46.671600" lon="8.865343">
        <ele>1540.040215</ele>
        <time>2026-09-11T16:32:39.637Z</time>
      </trkpt>
      <trkpt lat="46.671506" lon="8.865709">
        <ele>1544.617432</ele>
        <time>2026-09-11T16:33:35.283Z</time>
      </trkpt>
      <trkpt lat="46.670666" lon="8.866861">
        <ele>1563.341985</ele>
        <time>2026-09-11T16:36:47.683Z</time>
      </trkpt>
      <trkpt lat="46.670550" lon="8.867298">
        <ele>1565.774280</ele>
        <time>2026-09-11T16:37:28.056Z</time>
      </trkpt>
      <trkpt lat="46.670532" lon="8.867129">
        <ele>1566.662068</ele>
        <time>2026-09-11T16:37:42.592Z</time>
      </trkpt>
      <trkpt lat="46.670233" lon="8.868314">
        <ele>1573.216141</ele>
        <time>2026-09-11T16:39:26.549Z</time>
      </trkpt>
      <trkpt lat="46.670155" lon="8.868527">
        <ele>1574.469434</ele>
        <time>2026-09-11T16:39:46.665Z</time>
      </trkpt>
      <trkpt lat="46.670049" lon="8.868663">
        <ele>1575.537816</ele>
        <time>2026-09-11T16:40:03.263Z</time>
      </trkpt>
      <trkpt lat="46.669704" lon="8.868871">
        <ele>1578.020380</ele>
        <time>2026-09-11T16:40:47.661Z</time>
      </trkpt>
      <trkpt lat="46.669383" lon="8.869205">
        <ele>1580.536441</ele>
        <time>2026-09-11T16:41:36.423Z</time>
      </trkpt>
      <trkpt lat="46.669315" lon="8.869285">
        <ele>1581.093932</ele>
        <time>2026-09-11T16:41:47.635Z</time>
      </trkpt>
      <trkpt lat="46.669129" lon="8.869708">
        <ele>1583.293101</ele>
        <time>2026-09-11T16:42:31.097Z</time>
      </trkpt>
      <trkpt lat="46.669059" lon="8.869758">
        <ele>1583.790392</ele>
        <time>2026-09-11T16:42:40.923Z</time>
      </trkpt>
      <trkpt lat="46.669010" lon="8.869837">
        <ele>1584.256536</ele>
        <time>2026-09-11T16:42:50.043Z</time>
      </trkpt>
      <trkpt lat="46.668420" lon="8.870992">
        <ele>1589.778553</ele>
        <time>2026-09-11T16:44:47.916Z</time>
      </trkpt>
      <trkpt lat="46.668282" lon="8.871172">
        <ele>1590.642328</ele>
        <time>2026-09-11T16:45:09.635Z</time>
      </trkpt>
      <trkpt lat="46.668135" lon="8.871304">
        <ele>1591.447626</ele>
        <time>2026-09-11T16:45:29.640Z</time>
      </trkpt>
      <trkpt lat="46.667736" lon="8.872117">
        <ele>1594.646562</ele>
        <time>2026-09-11T16:46:47.633Z</time>
      </trkpt>
      <trkpt lat="46.667212" lon="8.873038">
        <ele>1598.131780</ele>
        <time>2026-09-11T16:48:22.228Z</time>
      </trkpt>
      <trkpt lat="46.666716" lon="8.873682">
        <ele>1600.792114</ele>
        <time>2026-09-11T16:49:40.403Z</time>
      </trkpt>
      <trkpt lat="46.666393" lon="8.873739">
        <ele>1602.095045</ele>
        <time>2026-09-11T16:50:18.785Z</time>
      </trkpt>
      <trkpt lat="46.665526" lon="8.874388">
        <ele>1605.628321</ele>
        <time>2026-09-11T16:52:00.704Z</time>
      </trkpt>
      <trkpt lat="46.665262" lon="8.874739">
        <ele>1606.867033</ele>
        <time>2026-09-11T16:52:38.566Z</time>
      </trkpt>
      <trkpt lat="46.665258" lon="8.874808">
        <ele>1607.031746</ele>
        <time>2026-09-11T16:52:43.599Z</time>
      </trkpt>
      <trkpt lat="46.665165" lon="8.875018">
        <ele>1607.626246</ele>
        <time>2026-09-11T16:53:02.449Z</time>
      </trkpt>
      <trkpt lat="46.664980" lon="8.875167">
        <ele>1608.358910</ele>
        <time>2026-09-11T16:53:26.648Z</time>
      </trkpt>
      <trkpt lat="46.664761" lon="8.875199">
        <ele>1609.121800</ele>
        <time>2026-09-11T16:53:52.466Z</time>
      </trkpt>
      <trkpt lat="46.664527" lon="8.875305">
        <ele>1611.086801</ele>
        <time>2026-09-11T16:54:22.173Z</time>
      </trkpt>
      <trkpt lat="46.664380" lon="8.875333">
        <ele>1612.769788</ele>
        <time>2026-09-11T16:54:41.105Z</time>
      </trkpt>
      <trkpt lat="46.663774" lon="8.875410">
        <ele>1619.675397</ele>
        <time>2026-09-11T16:56:12.536Z</time>
      </trkpt>
      <trkpt lat="46.663621" lon="8.875365">
        <ele>1621.447331</ele>
        <time>2026-09-11T16:56:37.046Z</time>
      </trkpt>
      <trkpt lat="46.663569" lon="8.875381">
        <ele>1622.050669</ele>
        <time>2026-09-11T16:56:45.189Z</time>
      </trkpt>
      <trkpt lat="46.663348" lon="8.875520">
        <ele>1624.783275</ele>
        <time>2026-09-11T16:57:22.600Z</time>
      </trkpt>
      <trkpt lat="46.662723" lon="8.875782">
        <ele>1632.131915</ele>
        <time>2026-09-11T16:58:59.813Z</time>
      </trkpt>
      <trkpt lat="46.662521" lon="8.875937">
        <ele>1634.684351</ele>
        <time>2026-09-11T16:59:31.413Z</time>
      </trkpt>
      <trkpt lat="46.661966" lon="8.876213">
        <ele>1641.240859</ele>
        <time>2026-09-11T17:00:49.837Z</time>
      </trkpt>
      <trkpt lat="46.660989" lon="8.876776">
        <ele>1653.454978</ele>
        <time>2026-09-11T17:03:13.666Z</time>
      </trkpt>
      <trkpt lat="46.660501" lon="8.876991">
        <ele>1660.050097</ele>
        <time>2026-09-11T17:04:26.150Z</time>
      </trkpt>
      <trkpt lat="46.659515" lon="8.877884">
        <ele>1675.648413</ele>
        <time>2026-09-11T17:07:28.528Z</time>
      </trkpt>
      <trkpt lat="46.658981" lon="8.878507">
        <ele>1687.362087</ele>
        <time>2026-09-11T17:09:21.344Z</time>
      </trkpt>
      <trkpt lat="46.658157" lon="8.879695">
        <ele>1707.956888</ele>
        <time>2026-09-11T17:13:02.433Z</time>
      </trkpt>
      <trkpt lat="46.657863" lon="8.880062">
        <ele>1716.161282</ele>
        <time>2026-09-11T17:14:22.143Z</time>
      </trkpt>
      <trkpt lat="46.657720" lon="8.880159">
        <ele>1719.504039</ele>
        <time>2026-09-11T17:14:54.678Z</time>
      </trkpt>
      <trkpt lat="46.657584" lon="8.880305">
        <ele>1723.083984</ele>
        <time>2026-09-11T17:15:29.656Z</time>
      </trkpt>
      <trkpt lat="46.657472" lon="8.880478">
        <ele>1726.543061</ele>
        <time>2026-09-11T17:16:03.753Z</time>
      </trkpt>
      <trkpt lat="46.657429" lon="8.880621">
        <ele>1728.813874</ele>
        <time>2026-09-11T17:16:26.041Z</time>
      </trkpt>
      <trkpt lat="46.657188" lon="8.880797">
        <ele>1734.526758</ele>
        <time>2026-09-11T17:17:22.461Z</time>
      </trkpt>
      <trkpt lat="46.657061" lon="8.880941">
        <ele>1737.937093</ele>
        <time>2026-09-11T17:17:56.568Z</time>
      </trkpt>
      <trkpt lat="46.656975" lon="8.882246">
        <ele>1757.000103</ele>
        <time>2026-09-11T17:21:08.380Z</time>
      </trkpt>
      <trkpt lat="46.656922" lon="8.882529">
        <ele>1761.265212</ele>
        <time>2026-09-11T17:21:51.288Z</time>
      </trkpt>
      <trkpt lat="46.656839" lon="8.882460">
        <ele>1763.289517</ele>
        <time>2026-09-11T17:22:11.207Z</time>
      </trkpt>
      <trkpt lat="46.656671" lon="8.882242">
        <ele>1768.055194</ele>
        <time>2026-09-11T17:22:58.138Z</time>
      </trkpt>
      <trkpt lat="46.656322" lon="8.881307">
        <ele>1782.988416</ele>
        <time>2026-09-11T17:25:23.426Z</time>
      </trkpt>
      <trkpt lat="46.656304" lon="8.881313">
        <ele>1783.314143</ele>
        <time>2026-09-11T17:25:26.929Z</time>
      </trkpt>
      <trkpt lat="46.656341" lon="8.882954">
        <ele>1803.193640</ele>
        <time>2026-09-11T17:28:48.219Z</time>
      </trkpt>
      <trkpt lat="46.656276" lon="8.883477">
        <ele>1809.628955</ele>
        <time>2026-09-11T17:29:52.044Z</time>
      </trkpt>
      <trkpt lat="46.656199" lon="8.883663">
        <ele>1812.273181</ele>
        <time>2026-09-11T17:30:18.665Z</time>
      </trkpt>
      <trkpt lat="46.656145" lon="8.883638">
        <ele>1813.332545</ele>
        <time>2026-09-11T17:30:28.924Z</time>
      </trkpt>
      <trkpt lat="46.656064" lon="8.883465">
        <ele>1816.019976</ele>
        <time>2026-09-11T17:30:55.132Z</time>
      </trkpt>
      <trkpt lat="46.656015" lon="8.883464">
        <ele>1816.936200</ele>
        <time>2026-09-11T17:31:03.877Z</time>
      </trkpt>
      <trkpt lat="46.655997" lon="8.883502">
        <ele>1817.528704</ele>
        <time>2026-09-11T17:31:09.668Z</time>
      </trkpt>
      <trkpt lat="46.655899" lon="8.884668">
        <ele>1832.603668</ele>
        <time>2026-09-11T17:33:41.104Z</time>
      </trkpt>
      <trkpt lat="46.655869" lon="8.884863">
        <ele>1835.168183</ele>
        <time>2026-09-11T17:34:07.556Z</time>
      </trkpt>
      <trkpt lat="46.655752" lon="8.885170">
        <ele>1839.674463</ele>
        <time>2026-09-11T17:34:54.100Z</time>
      </trkpt>
      <trkpt lat="46.655673" lon="8.885209">
        <ele>1841.233985</ele>
        <time>2026-09-11T17:35:10.191Z</time>
      </trkpt>
      <trkpt lat="46.655547" lon="8.885205">
        <ele>1843.590317</ele>
        <time>2026-09-11T17:35:34.834Z</time>
      </trkpt>
      <trkpt lat="46.655292" lon="8.885371">
        <ele>1849.323100</ele>
        <time>2026-09-11T17:36:29.513Z</time>
      </trkpt>
      <trkpt lat="46.655157" lon="8.885373">
        <ele>1852.254934</ele>
        <time>2026-09-11T17:36:56.829Z</time>
      </trkpt>
      <trkpt lat="46.655032" lon="8.885283">
        <ele>1855.282852</ele>
        <time>2026-09-11T17:37:25.451Z</time>
      </trkpt>
      <trkpt lat="46.654983" lon="8.885162">
        <ele>1857.376951</ele>
        <time>2026-09-11T17:37:45.809Z</time>
      </trkpt>
      <trkpt lat="46.654930" lon="8.884916">
        <ele>1861.220161</ele>
        <time>2026-09-11T17:38:23.872Z</time>
      </trkpt>
      <trkpt lat="46.654874" lon="8.884809">
        <ele>1863.225823</ele>
        <time>2026-09-11T17:38:43.995Z</time>
      </trkpt>
      <trkpt lat="46.654742" lon="8.884710">
        <ele>1866.449894</ele>
        <time>2026-09-11T17:39:17.117Z</time>
      </trkpt>
      <trkpt lat="46.654573" lon="8.884678">
        <ele>1870.150793</ele>
        <time>2026-09-11T17:39:55.979Z</time>
      </trkpt>
      <trkpt lat="46.654444" lon="8.884721">
        <ele>1873.024568</ele>
        <time>2026-09-11T17:40:26.239Z</time>
      </trkpt>
      <trkpt lat="46.654327" lon="8.884886">
        <ele>1876.560760</ele>
        <time>2026-09-11T17:41:03.462Z</time>
      </trkpt>
      <trkpt lat="46.654103" lon="8.884937">
        <ele>1881.484225</ele>
        <time>2026-09-11T17:41:52.888Z</time>
      </trkpt>
      <trkpt lat="46.654001" lon="8.885082">
        <ele>1884.579055</ele>
        <time>2026-09-11T17:42:22.326Z</time>
      </trkpt>
      <trkpt lat="46.653943" lon="8.885060">
        <ele>1885.398991</ele>
        <time>2026-09-11T17:42:34.186Z</time>
      </trkpt>
      <trkpt lat="46.653883" lon="8.884913">
        <ele>1886.900649</ele>
        <time>2026-09-11T17:42:56.814Z</time>
      </trkpt>
      <trkpt lat="46.653820" lon="8.884850">
        <ele>1887.878108</ele>
        <time>2026-09-11T17:43:11.049Z</time>
      </trkpt>
      <trkpt lat="46.653785" lon="8.884865">
        <ele>1888.344789</ele>
        <time>2026-09-11T17:43:17.600Z</time>
      </trkpt>
      <trkpt lat="46.653745" lon="8.885118">
        <ele>1890.624375</ele>
        <time>2026-09-11T17:43:48.497Z</time>
      </trkpt>
      <trkpt lat="46.653669" lon="8.885210">
        <ele>1891.888354</ele>
        <time>2026-09-11T17:44:04.635Z</time>
      </trkpt>
      <trkpt lat="46.653525" lon="8.885298">
        <ele>1893.885857</ele>
        <time>2026-09-11T17:44:28.216Z</time>
      </trkpt>
      <trkpt lat="46.653495" lon="8.885730">
        <ele>1897.698334</ele>
        <time>2026-09-11T17:45:08.620Z</time>
      </trkpt>
      <trkpt lat="46.653443" lon="8.886060">
        <ele>1900.671224</ele>
        <time>2026-09-11T17:45:38.620Z</time>
      </trkpt>
      <trkpt lat="46.653111" lon="8.886775">
        <ele>1908.270956</ele>
        <time>2026-09-11T17:46:53.151Z</time>
      </trkpt>
      <trkpt lat="46.652769" lon="8.886995">
        <ele>1913.234319</ele>
        <time>2026-09-11T17:47:41.544Z</time>
      </trkpt>
      <trkpt lat="46.651863" lon="8.887134">
        <ele>1925.329007</ele>
        <time>2026-09-11T17:50:07.638Z</time>
      </trkpt>
      <trkpt lat="46.651686" lon="8.887054">
        <ele>1927.789378</ele>
        <time>2026-09-11T17:50:41.209Z</time>
      </trkpt>
      <trkpt lat="46.651546" lon="8.887119">
        <ele>1929.740146</ele>
        <time>2026-09-11T17:51:07.998Z</time>
      </trkpt>
      <trkpt lat="46.651410" lon="8.887360">
        <ele>1932.473160</ele>
        <time>2026-09-11T17:51:45.954Z</time>
      </trkpt>
      <trkpt lat="46.651215" lon="8.887376">
        <ele>1934.776937</ele>
        <time>2026-09-11T17:52:19.240Z</time>
      </trkpt>
      <trkpt lat="46.651071" lon="8.887473">
        <ele>1936.648289</ele>
        <time>2026-09-11T17:52:44.903Z</time>
      </trkpt>
      <trkpt lat="46.650911" lon="8.887461">
        <ele>1938.538076</ele>
        <time>2026-09-11T17:53:09.755Z</time>
      </trkpt>
      <trkpt lat="46.650780" lon="8.887500">
        <ele>1940.115230</ele>
        <time>2026-09-11T17:53:29.503Z</time>
      </trkpt>
      <trkpt lat="46.650585" lon="8.887473">
        <ele>1942.425728</ele>
        <time>2026-09-11T17:53:57.288Z</time>
      </trkpt>
      <trkpt lat="46.650335" lon="8.887644">
        <ele>1945.683492</ele>
        <time>2026-09-11T17:54:35.049Z</time>
      </trkpt>
      <trkpt lat="46.650254" lon="8.887784">
        <ele>1947.166018</ele>
        <time>2026-09-11T17:54:51.811Z</time>
      </trkpt>
      <trkpt lat="46.649948" lon="8.887927">
        <ele>1950.956629</ele>
        <time>2026-09-11T17:55:33.558Z</time>
      </trkpt>
      <trkpt lat="46.649638" lon="8.887966">
        <ele>1953.803116</ele>
        <time>2026-09-11T17:56:12.937Z</time>
      </trkpt>
      <trkpt lat="46.649408" lon="8.888585">
        <ele>1956.916312</ele>
        <time>2026-09-11T17:57:12.951Z</time>
      </trkpt>
      <trkpt lat="46.648938" lon="8.889467">
        <ele>1961.854890</ele>
        <time>2026-09-11T17:58:46.587Z</time>
      </trkpt>
      <trkpt lat="46.648892" lon="8.889530">
        <ele>1962.261700</ele>
        <time>2026-09-11T17:58:54.135Z</time>
      </trkpt>
      <trkpt lat="46.648805" lon="8.889552">
        <ele>1962.830645</ele>
        <time>2026-09-11T17:59:04.712Z</time>
      </trkpt>
      <trkpt lat="46.648695" lon="8.889559">
        <ele>1963.540078</ele>
        <time>2026-09-11T17:59:17.660Z</time>
      </trkpt>
      <trkpt lat="46.648611" lon="8.889631">
        <ele>1964.168051</ele>
        <time>2026-09-11T17:59:28.972Z</time>
      </trkpt>
      <trkpt lat="46.648002" lon="8.889657">
        <ele>1966.510523</ele>
        <time>2026-09-11T18:00:38.964Z</time>
      </trkpt>
      <trkpt lat="46.647148" lon="8.889361">
        <ele>1969.742012</ele>
        <time>2026-09-11T18:02:16.533Z</time>
      </trkpt>
      <trkpt lat="46.646539" lon="8.889283">
        <ele>1972.484353</ele>
        <time>2026-09-11T18:03:24.148Z</time>
      </trkpt>
      <trkpt lat="46.645930" lon="8.889485">
        <ele>1975.948462</ele>
        <time>2026-09-11T18:04:35.253Z</time>
      </trkpt>
      <trkpt lat="46.645149" lon="8.889813">
        <ele>1980.456503</ele>
        <time>2026-09-11T18:06:13.599Z</time>
      </trkpt>
      <trkpt lat="46.644365" lon="8.890652">
        <ele>1990.774559</ele>
        <time>2026-09-11T18:08:25.199Z</time>
      </trkpt>
      <trkpt lat="46.644086" lon="8.891098">
        <ele>1995.401530</ele>
        <time>2026-09-11T18:09:29.089Z</time>
      </trkpt>
      <trkpt lat="46.643985" lon="8.890974">
        <ele>1996.876962</ele>
        <time>2026-09-11T18:09:49.454Z</time>
      </trkpt>
      <trkpt lat="46.643982" lon="8.891132">
        <ele>1998.089034</ele>
        <time>2026-09-11T18:10:06.079Z</time>
      </trkpt>
      <trkpt lat="46.643728" lon="8.891418">
        <ele>2001.602428</ele>
        <time>2026-09-11T18:10:53.510Z</time>
      </trkpt>
      <trkpt lat="46.643538" lon="8.891583">
        <ele>2003.767765</ele>
        <time>2026-09-11T18:11:24.383Z</time>
      </trkpt>
      <trkpt lat="46.643500" lon="8.891698">
        <ele>2004.625464</ele>
        <time>2026-09-11T18:11:36.293Z</time>
      </trkpt>
      <trkpt lat="46.643019" lon="8.891830">
        <ele>2009.416712</ele>
        <time>2026-09-11T18:12:40.676Z</time>
      </trkpt>
      <trkpt lat="46.642492" lon="8.892271">
        <ele>2015.366146</ele>
        <time>2026-09-11T18:13:58.318Z</time>
      </trkpt>
      <trkpt lat="46.642177" lon="8.892893">
        <ele>2021.242126</ele>
        <time>2026-09-11T18:15:06.982Z</time>
      </trkpt>
      <trkpt lat="46.642099" lon="8.893348">
        <ele>2025.545052</ele>
        <time>2026-09-11T18:15:50.880Z</time>
      </trkpt>
      <trkpt lat="46.641839" lon="8.893989">
        <ele>2032.376166</ele>
        <time>2026-09-11T18:17:09.033Z</time>
      </trkpt>
      <trkpt lat="46.641835" lon="8.894173">
        <ele>2034.065272</ele>
        <time>2026-09-11T18:17:29.661Z</time>
      </trkpt>
      <trkpt lat="46.641680" lon="8.894223">
        <ele>2036.186927</ele>
        <time>2026-09-11T18:17:56.329Z</time>
      </trkpt>
      <trkpt lat="46.641608" lon="8.894480">
        <ele>2038.733761</ele>
        <time>2026-09-11T18:18:28.750Z</time>
      </trkpt>
      <trkpt lat="46.641215" lon="8.895200">
        <ele>2049.770658</ele>
        <time>2026-09-11T18:20:16.849Z</time>
      </trkpt>
      <trkpt lat="46.640353" lon="8.895969">
        <ele>2071.179479</ele>
        <time>2026-09-11T18:23:39.865Z</time>
      </trkpt>
      <trkpt lat="46.640320" lon="8.896552">
        <ele>2079.685727</ele>
        <time>2026-09-11T18:25:14.095Z</time>
      </trkpt>
      <trkpt lat="46.640492" lon="8.897433">
        <ele>2096.735092</ele>
        <time>2026-09-11T18:27:50.360Z</time>
      </trkpt>
      <trkpt lat="46.640522" lon="8.897834">
        <ele>2104.397428</ele>
        <time>2026-09-11T18:29:00.959Z</time>
      </trkpt>
      <trkpt lat="46.640630" lon="8.898054">
        <ele>2109.534827</ele>
        <time>2026-09-11T18:29:48.327Z</time>
      </trkpt>
      <trkpt lat="46.640713" lon="8.898404">
        <ele>2116.568693</ele>
        <time>2026-09-11T18:30:52.485Z</time>
      </trkpt>
      <trkpt lat="46.640731" lon="8.899022">
        <ele>2128.318504</ele>
        <time>2026-09-11T18:32:36.357Z</time>
      </trkpt>
      <trkpt lat="46.640689" lon="8.899182">
        <ele>2131.573247</ele>
        <time>2026-09-11T18:33:04.905Z</time>
      </trkpt>
      <trkpt lat="46.640530" lon="8.899303">
        <ele>2136.541085</ele>
        <time>2026-09-11T18:33:48.699Z</time>
      </trkpt>
      <trkpt lat="46.640415" lon="8.899514">
        <ele>2141.663133</ele>
        <time>2026-09-11T18:34:33.717Z</time>
      </trkpt>
      <trkpt lat="46.640425" lon="8.899772">
        <ele>2146.576238</ele>
        <time>2026-09-11T18:35:17.107Z</time>
      </trkpt>
      <trkpt lat="46.640348" lon="8.900087">
        <ele>2152.933529</ele>
        <time>2026-09-11T18:36:13.485Z</time>
      </trkpt>
      <trkpt lat="46.640326" lon="8.900507">
        <ele>2160.942112</ele>
        <time>2026-09-11T18:37:25.987Z</time>
      </trkpt>
      <trkpt lat="46.640276" lon="8.900777">
        <ele>2166.259024</ele>
        <time>2026-09-11T18:38:14.423Z</time>
      </trkpt>
      <trkpt lat="46.640375" lon="8.901215">
        <ele>2175.026295</ele>
        <time>2026-09-11T18:39:33.322Z</time>
      </trkpt>
      <trkpt lat="46.640567" lon="8.901748">
        <ele>2186.533365</ele>
        <time>2026-09-11T18:41:15.212Z</time>
      </trkpt>
      <trkpt lat="46.640663" lon="8.902118">
        <ele>2194.131834</ele>
        <time>2026-09-11T18:42:21.301Z</time>
      </trkpt>
      <trkpt lat="46.640632" lon="8.902605">
        <ele>2203.527427</ele>
        <time>2026-09-11T18:43:41.720Z</time>
      </trkpt>
      <trkpt lat="46.640540" lon="8.902835">
        <ele>2208.641001</ele>
        <time>2026-09-11T18:44:25.635Z</time>
      </trkpt>
      <trkpt lat="46.640528" lon="8.903210">
        <ele>2215.852740</ele>
        <time>2026-09-11T18:45:28.291Z</time>
      </trkpt>
      <trkpt lat="46.640568" lon="8.904031">
        <ele>2231.958132</ele>
        <time>2026-09-11T18:47:50.523Z</time>
      </trkpt>
      <trkpt lat="46.640527" lon="8.904088">
        <ele>2234.039969</ele>
        <time>2026-09-11T18:48:05.380Z</time>
      </trkpt>
      <trkpt lat="46.640546" lon="8.904540">
        <ele>2245.459848</ele>
        <time>2026-09-11T18:49:29.806Z</time>
      </trkpt>
      <trkpt lat="46.640598" lon="8.904983">
        <ele>2256.793509</ele>
        <time>2026-09-11T18:50:57.646Z</time>
      </trkpt>
      <trkpt lat="46.640670" lon="8.905369">
        <ele>2266.880483</ele>
        <time>2026-09-11T18:52:18.887Z</time>
      </trkpt>
      <trkpt lat="46.640509" lon="8.907347">
        <ele>2320.846319</ele>
        <time>2026-09-11T18:59:50.615Z</time>
      </trkpt>
      <trkpt lat="46.640197" lon="8.908787">
        <ele>2365.924951</ele>
        <time>2026-09-11T19:05:57.773Z</time>
      </trkpt>
      <trkpt lat="46.640071" lon="8.909698">
        <ele>2390.622177</ele>
        <time>2026-09-11T19:09:28.112Z</time>
      </trkpt>
      <trkpt lat="46.640129" lon="8.910427">
        <ele>2408.957265</ele>
        <time>2026-09-11T19:11:57.992Z</time>
      </trkpt>
      <trkpt lat="46.640210" lon="8.911443">
        <ele>2434.511357</ele>
        <time>2026-09-11T19:15:13.377Z</time>
      </trkpt>
      <trkpt lat="46.640131" lon="8.911968">
        <ele>2445.670782</ele>
        <time>2026-09-11T19:16:56.638Z</time>
      </trkpt>
      <trkpt lat="46.640140" lon="8.912717">
        <ele>2458.719885</ele>
        <time>2026-09-11T19:19:23.112Z</time>
      </trkpt>
      <trkpt lat="46.639979" lon="8.914088">
        <ele>2482.948681</ele>
        <time>2026-09-11T19:22:50.309Z</time>
      </trkpt>
      <trkpt lat="46.640074" lon="8.914108">
        <ele>2485.384000</ele>
        <time>2026-09-11T19:23:06.832Z</time>
      </trkpt>
      <trkpt lat="46.640160" lon="8.914055">
        <ele>2486.453832</ele>
        <time>2026-09-11T19:23:22.181Z</time>
      </trkpt>
      <trkpt lat="46.640378" lon="8.913744">
        <ele>2488.180005</ele>
        <time>2026-09-11T19:24:05.332Z</time>
      </trkpt>
      <trkpt lat="46.640434" lon="8.913616">
        <ele>2488.769483</ele>
        <time>2026-09-11T19:24:18.821Z</time>
      </trkpt>
      <trkpt lat="46.640452" lon="8.913673">
        <ele>2489.013154</ele>
        <time>2026-09-11T19:24:23.980Z</time>
      </trkpt>
      <trkpt lat="46.640450" lon="8.913922">
        <ele>2489.980288</ele>
        <time>2026-09-11T19:24:44.048Z</time>
      </trkpt>
      <trkpt lat="46.640568" lon="8.913915">
        <ele>2490.648342</ele>
        <time>2026-09-11T19:24:57.076Z</time>
      </trkpt>
      <trkpt lat="46.640691" lon="8.913987">
        <ele>2491.398215</ele>
        <time>2026-09-11T19:25:10.648Z</time>
      </trkpt>
      <trkpt lat="46.640742" lon="8.914092">
        <ele>2491.897744</ele>
        <time>2026-09-11T19:25:19.850Z</time>
      </trkpt>
      <trkpt lat="46.641014" lon="8.914264">
        <ele>2493.575143</ele>
        <time>2026-09-11T19:25:49.665Z</time>
      </trkpt>
      <trkpt lat="46.641088" lon="8.914146">
        <ele>2494.195829</ele>
        <time>2026-09-11T19:26:01.337Z</time>
      </trkpt>
      <trkpt lat="46.641605" lon="8.914274">
        <ele>2495.902324</ele>
        <time>2026-09-11T19:26:59.191Z</time>
      </trkpt>
      <trkpt lat="46.642263" lon="8.914041">
        <ele>2494.410283</ele>
        <time>2026-09-11T19:28:07.382Z</time>
      </trkpt>
      <trkpt lat="46.642508" lon="8.914079">
        <ele>2493.867408</ele>
        <time>2026-09-11T19:28:32.809Z</time>
      </trkpt>
      <trkpt lat="46.642713" lon="8.913953">
        <ele>2493.377151</ele>
        <time>2026-09-11T19:28:56.288Z</time>
      </trkpt>
      <trkpt lat="46.643300" lon="8.913895">
        <ele>2491.247922</ele>
        <time>2026-09-11T19:30:01.411Z</time>
      </trkpt>
      <trkpt lat="46.643486" lon="8.913804">
        <ele>2489.114437</ele>
        <time>2026-09-11T19:30:24.263Z</time>
      </trkpt>
      <trkpt lat="46.644288" lon="8.914233">
        <ele>2479.824561</ele>
        <time>2026-09-11T19:32:09.214Z</time>
      </trkpt>
      <trkpt lat="46.644530" lon="8.914275">
        <ele>2477.174593</ele>
        <time>2026-09-11T19:32:40.074Z</time>
      </trkpt>
      <trkpt lat="46.644767" lon="8.914508">
        <ele>2474.065568</ele>
        <time>2026-09-11T19:33:16.145Z</time>
      </trkpt>
      <trkpt lat="46.645095" lon="8.914744">
        <ele>2469.896471</ele>
        <time>2026-09-11T19:34:01.758Z</time>
      </trkpt>
      <trkpt lat="46.645371" lon="8.914856">
        <ele>2466.556081</ele>
        <time>2026-09-11T19:34:37.135Z</time>
      </trkpt>
      <trkpt lat="46.645613" lon="8.915130">
        <ele>2462.982538</ele>
        <time>2026-09-11T19:35:14.500Z</time>
      </trkpt>
      <trkpt lat="46.645843" lon="8.915690">
        <ele>2457.759441</ele>
        <time>2026-09-11T19:36:08.548Z</time>
      </trkpt>
      <trkpt lat="46.645916" lon="8.916518">
        <ele>2450.790240</ele>
        <time>2026-09-11T19:37:18.143Z</time>
      </trkpt>
      <trkpt lat="46.646072" lon="8.917127">
        <ele>2443.410566</ele>
        <time>2026-09-11T19:38:14.138Z</time>
      </trkpt>
      <trkpt lat="46.646141" lon="8.917929">
        <ele>2434.234174</ele>
        <time>2026-09-11T19:39:26.725Z</time>
      </trkpt>
      <trkpt lat="46.646066" lon="8.918351">
        <ele>2429.285229</ele>
        <time>2026-09-11T19:40:09.002Z</time>
      </trkpt>
      <trkpt lat="46.646110" lon="8.918578">
        <ele>2426.607324</ele>
        <time>2026-09-11T19:40:32.658Z</time>
      </trkpt>
      <trkpt lat="46.646061" lon="8.919008">
        <ele>2421.589639</ele>
        <time>2026-09-11T19:41:17.612Z</time>
      </trkpt>
      <trkpt lat="46.646085" lon="8.919135">
        <ele>2419.808147</ele>
        <time>2026-09-11T19:41:31.441Z</time>
      </trkpt>
      <trkpt lat="46.646186" lon="8.919434">
        <ele>2415.301327</ele>
        <time>2026-09-11T19:42:06.632Z</time>
      </trkpt>
      <trkpt lat="46.646254" lon="8.919488">
        <ele>2413.775556</ele>
        <time>2026-09-11T19:42:18.635Z</time>
      </trkpt>
      <trkpt lat="46.646290" lon="8.919699">
        <ele>2410.835099</ele>
        <time>2026-09-11T19:42:41.497Z</time>
      </trkpt>
      <trkpt lat="46.646798" lon="8.920570">
        <ele>2395.378133</ele>
        <time>2026-09-11T19:44:37.523Z</time>
      </trkpt>
      <trkpt lat="46.646957" lon="8.920715">
        <ele>2391.682548</ele>
        <time>2026-09-11T19:45:04.102Z</time>
      </trkpt>
      <trkpt lat="46.647111" lon="8.921669">
        <ele>2380.801283</ele>
        <time>2026-09-11T19:46:34.382Z</time>
      </trkpt>
      <trkpt lat="46.647617" lon="8.922787">
        <ele>2367.958866</ele>
        <time>2026-09-11T19:48:31.176Z</time>
      </trkpt>
      <trkpt lat="46.647664" lon="8.923252">
        <ele>2363.451345</ele>
        <time>2026-09-11T19:49:10.855Z</time>
      </trkpt>
      <trkpt lat="46.647778" lon="8.923510">
        <ele>2360.865896</ele>
        <time>2026-09-11T19:49:36.350Z</time>
      </trkpt>
      <trkpt lat="46.647819" lon="8.923992">
        <ele>2357.959265</ele>
        <time>2026-09-11T19:50:16.010Z</time>
      </trkpt>
      <trkpt lat="46.648003" lon="8.924392">
        <ele>2355.077693</ele>
        <time>2026-09-11T19:50:54.811Z</time>
      </trkpt>
      <trkpt lat="46.648123" lon="8.924914">
        <ele>2351.783245</ele>
        <time>2026-09-11T19:51:38.753Z</time>
      </trkpt>
      <trkpt lat="46.648129" lon="8.925405">
        <ele>2348.844365</ele>
        <time>2026-09-11T19:52:17.678Z</time>
      </trkpt>
      <trkpt lat="46.648273" lon="8.925926">
        <ele>2345.591375</ele>
        <time>2026-09-11T19:53:02.199Z</time>
      </trkpt>
      <trkpt lat="46.648308" lon="8.926248">
        <ele>2344.355399</ele>
        <time>2026-09-11T19:53:28.132Z</time>
      </trkpt>
      <trkpt lat="46.648290" lon="8.926514">
        <ele>2343.342051</ele>
        <time>2026-09-11T19:53:49.472Z</time>
      </trkpt>
      <trkpt lat="46.648568" lon="8.928132">
        <ele>2337.018683</ele>
        <time>2026-09-11T19:55:58.021Z</time>
      </trkpt>
      <trkpt lat="46.648658" lon="8.929432">
        <ele>2334.979644</ele>
        <time>2026-09-11T19:57:29.227Z</time>
      </trkpt>
      <trkpt lat="46.648762" lon="8.929989">
        <ele>2334.478638</ele>
        <time>2026-09-11T19:58:10.428Z</time>
      </trkpt>
      <trkpt lat="46.648976" lon="8.930662">
        <ele>2333.834893</ele>
        <time>2026-09-11T19:59:01.783Z</time>
      </trkpt>
      <trkpt lat="46.649034" lon="8.931240">
        <ele>2332.677038</ele>
        <time>2026-09-11T19:59:43.801Z</time>
      </trkpt>
      <trkpt lat="46.649040" lon="8.932583">
        <ele>2328.388915</ele>
        <time>2026-09-11T20:01:27.018Z</time>
      </trkpt>
      <trkpt lat="46.649194" lon="8.933115">
        <ele>2326.545460</ele>
        <time>2026-09-11T20:02:11.854Z</time>
      </trkpt>
      <trkpt lat="46.649194" lon="8.933919">
        <ele>2324.857364</ele>
        <time>2026-09-11T20:03:12.030Z</time>
      </trkpt>
      <trkpt lat="46.649573" lon="8.934725">
        <ele>2323.973216</ele>
        <time>2026-09-11T20:04:21.120Z</time>
      </trkpt>
      <trkpt lat="46.649921" lon="8.935115">
        <ele>2323.394377</ele>
        <time>2026-09-11T20:05:05.780Z</time>
      </trkpt>
      <trkpt lat="46.650052" lon="8.935477">
        <ele>2323.024038</ele>
        <time>2026-09-11T20:05:34.791Z</time>
      </trkpt>
      <trkpt lat="46.650159" lon="8.935625">
        <ele>2322.829703</ele>
        <time>2026-09-11T20:05:49.783Z</time>
      </trkpt>
      <trkpt lat="46.650525" lon="8.935881">
        <ele>2322.317554</ele>
        <time>2026-09-11T20:06:30.609Z</time>
      </trkpt>
      <trkpt lat="46.650681" lon="8.936238">
        <ele>2321.951103</ele>
        <time>2026-09-11T20:07:00.370Z</time>
      </trkpt>
      <trkpt lat="46.650745" lon="8.936278">
        <ele>2321.863255</ele>
        <time>2026-09-11T20:07:07.566Z</time>
      </trkpt>
      <trkpt lat="46.650894" lon="8.936884">
        <ele>2321.305868</ele>
        <time>2026-09-11T20:07:53.794Z</time>
      </trkpt>
      <trkpt lat="46.650941" lon="8.937078">
        <ele>2321.127726</ele>
        <time>2026-09-11T20:08:08.604Z</time>
      </trkpt>
      <trkpt lat="46.651097" lon="8.938367">
        <ele>2320.716460</ele>
        <time>2026-09-11T20:09:42.007Z</time>
      </trkpt>
      <trkpt lat="46.651160" lon="8.939466">
        <ele>2320.970082</ele>
        <time>2026-09-11T20:10:59.059Z</time>
      </trkpt>
      <trkpt lat="46.651311" lon="8.940197">
        <ele>2321.145640</ele>
        <time>2026-09-11T20:11:55.745Z</time>
      </trkpt>
      <trkpt lat="46.651335" lon="8.940509">
        <ele>2321.018169</ele>
        <time>2026-09-11T20:12:19.069Z</time>
      </trkpt>
      <trkpt lat="46.651611" lon="8.940513">
        <ele>2320.743748</ele>
        <time>2026-09-11T20:12:48.429Z</time>
      </trkpt>
      <trkpt lat="46.651675" lon="8.940722">
        <ele>2320.587562</ele>
        <time>2026-09-11T20:13:04.772Z</time>
      </trkpt>
      <trkpt lat="46.651631" lon="8.940933">
        <ele>2320.437062</ele>
        <time>2026-09-11T20:13:20.191Z</time>
      </trkpt>
      <trkpt lat="46.651706" lon="8.941102">
        <ele>2320.299719</ele>
        <time>2026-09-11T20:13:34.075Z</time>
      </trkpt>
      <trkpt lat="46.651646" lon="8.941532">
        <ele>2320.000255</ele>
        <time>2026-09-11T20:14:05.066Z</time>
      </trkpt>
      <trkpt lat="46.651670" lon="8.941643">
        <ele>2319.920831</ele>
        <time>2026-09-11T20:14:13.451Z</time>
      </trkpt>
      <trkpt lat="46.651744" lon="8.941685">
        <ele>2319.841872</ele>
        <time>2026-09-11T20:14:21.819Z</time>
      </trkpt>
      <trkpt lat="46.651788" lon="8.942465">
        <ele>2318.894810</ele>
        <time>2026-09-11T20:15:19.774Z</time>
      </trkpt>
      <trkpt lat="46.651975" lon="8.942965">
        <ele>2316.261887</ele>
        <time>2026-09-11T20:16:02.908Z</time>
      </trkpt>
      <trkpt lat="46.651996" lon="8.943250">
        <ele>2314.936467</ele>
        <time>2026-09-11T20:16:24.747Z</time>
      </trkpt>
      <trkpt lat="46.651782" lon="8.944136">
        <ele>2310.593341</ele>
        <time>2026-09-11T20:17:37.480Z</time>
      </trkpt>
      <trkpt lat="46.652001" lon="8.944567">
        <ele>2308.113764</ele>
        <time>2026-09-11T20:18:20.482Z</time>
      </trkpt>
      <trkpt lat="46.651980" lon="8.944662">
        <ele>2307.652265</ele>
        <time>2026-09-11T20:18:28.655Z</time>
      </trkpt>
      <trkpt lat="46.652066" lon="8.944783">
        <ele>2306.428232</ele>
        <time>2026-09-11T20:18:43.018Z</time>
      </trkpt>
      <trkpt lat="46.652046" lon="8.944982">
        <ele>2304.562500</ele>
        <time>2026-09-11T20:18:59.794Z</time>
      </trkpt>
      <trkpt lat="46.652122" lon="8.945318">
        <ele>2301.280691</ele>
        <time>2026-09-11T20:19:29.783Z</time>
      </trkpt>
      <trkpt lat="46.652119" lon="8.945831">
        <ele>2296.521612</ele>
        <time>2026-09-11T20:20:14.110Z</time>
      </trkpt>
      <trkpt lat="46.652157" lon="8.946054">
        <ele>2294.390136</ele>
        <time>2026-09-11T20:20:34.296Z</time>
      </trkpt>
      <trkpt lat="46.652289" lon="8.946328">
        <ele>2291.284821</ele>
        <time>2026-09-11T20:21:04.048Z</time>
      </trkpt>
      <trkpt lat="46.652346" lon="8.946760">
        <ele>2287.203971</ele>
        <time>2026-09-11T20:21:43.423Z</time>
      </trkpt>
      <trkpt lat="46.652621" lon="8.947014">
        <ele>2282.814228</ele>
        <time>2026-09-11T20:22:25.878Z</time>
      </trkpt>
      <trkpt lat="46.653132" lon="8.948515">
        <ele>2268.367010</ele>
        <time>2026-09-11T20:24:54.189Z</time>
      </trkpt>
      <trkpt lat="46.653079" lon="8.948597">
        <ele>2267.395817</ele>
        <time>2026-09-11T20:25:03.939Z</time>
      </trkpt>
      <trkpt lat="46.653140" lon="8.948914">
        <ele>2264.557028</ele>
        <time>2026-09-11T20:25:31.903Z</time>
      </trkpt>
      <trkpt lat="46.653312" lon="8.949248">
        <ele>2260.956634</ele>
        <time>2026-09-11T20:26:06.061Z</time>
      </trkpt>
      <trkpt lat="46.653482" lon="8.949976">
        <ele>2261.795537</ele>
        <time>2026-09-11T20:27:03.385Z</time>
      </trkpt>
      <trkpt lat="46.653713" lon="8.950461">
        <ele>2263.005702</ele>
        <time>2026-09-11T20:27:47.903Z</time>
      </trkpt>
      <trkpt lat="46.654236" lon="8.950928">
        <ele>2264.837718</ele>
        <time>2026-09-11T20:29:06.788Z</time>
      </trkpt>
      <trkpt lat="46.654427" lon="8.951202">
        <ele>2265.638278</ele>
        <time>2026-09-11T20:29:42.803Z</time>
      </trkpt>
      <trkpt lat="46.654721" lon="8.951357">
        <ele>2267.628235</ele>
        <time>2026-09-11T20:30:24.000Z</time>
      </trkpt>
      <trkpt lat="46.655064" lon="8.951797">
        <ele>2270.710350</ele>
        <time>2026-09-11T20:31:21.017Z</time>
      </trkpt>
      <trkpt lat="46.655138" lon="8.952413">
        <ele>2273.605181</ele>
        <time>2026-09-11T20:32:12.428Z</time>
      </trkpt>
      <trkpt lat="46.655270" lon="8.952691">
        <ele>2275.169956</ele>
        <time>2026-09-11T20:32:39.719Z</time>
      </trkpt>
      <trkpt lat="46.655536" lon="8.952878">
        <ele>2277.161802</ele>
        <time>2026-09-11T20:33:14.515Z</time>
      </trkpt>
      <trkpt lat="46.655677" lon="8.953254">
        <ele>2278.745093</ele>
        <time>2026-09-11T20:33:49.893Z</time>
      </trkpt>
      <trkpt lat="46.655801" lon="8.953773">
        <ele>2280.495404</ele>
        <time>2026-09-11T20:34:36.143Z</time>
      </trkpt>
      <trkpt lat="46.656095" lon="8.954305">
        <ele>2282.670783</ele>
        <time>2026-09-11T20:35:33.393Z</time>
      </trkpt>
      <trkpt lat="46.656100" lon="8.954802">
        <ele>2284.253901</ele>
        <time>2026-09-11T20:36:14.225Z</time>
      </trkpt>
      <trkpt lat="46.656162" lon="8.955180">
        <ele>2285.491730</ele>
        <time>2026-09-11T20:36:44.686Z</time>
      </trkpt>
      <trkpt lat="46.656115" lon="8.955797">
        <ele>2285.306692</ele>
        <time>2026-09-11T20:37:27.520Z</time>
      </trkpt>
      <trkpt lat="46.656371" lon="8.956656">
        <ele>2283.170661</ele>
        <time>2026-09-11T20:38:36.184Z</time>
      </trkpt>
      <trkpt lat="46.656477" lon="8.956909">
        <ele>2282.494574</ele>
        <time>2026-09-11T20:38:58.382Z</time>
      </trkpt>
      <trkpt lat="46.656487" lon="8.957291">
        <ele>2281.622633</ele>
        <time>2026-09-11T20:39:27.133Z</time>
      </trkpt>
      <trkpt lat="46.656703" lon="8.957847">
        <ele>2280.094900</ele>
        <time>2026-09-11T20:40:16.286Z</time>
      </trkpt>
      <trkpt lat="46.656905" lon="8.958720">
        <ele>2275.763904</ele>
        <time>2026-09-11T20:41:28.964Z</time>
      </trkpt>
      <trkpt lat="46.656819" lon="8.959145">
        <ele>2273.680919</ele>
        <time>2026-09-11T20:42:02.997Z</time>
      </trkpt>
      <trkpt lat="46.656882" lon="8.959834">
        <ele>2270.413248</ele>
        <time>2026-09-11T20:42:56.572Z</time>
      </trkpt>
      <trkpt lat="46.657035" lon="8.960257">
        <ele>2268.165462</ele>
        <time>2026-09-11T20:43:34.071Z</time>
      </trkpt>
      <trkpt lat="46.657064" lon="8.960856">
        <ele>2262.492129</ele>
        <time>2026-09-11T20:44:22.428Z</time>
      </trkpt>
      <trkpt lat="46.657182" lon="8.961074">
        <ele>2259.739354</ele>
        <time>2026-09-11T20:44:45.219Z</time>
      </trkpt>
      <trkpt lat="46.657256" lon="8.961438">
        <ele>2255.975271</ele>
        <time>2026-09-11T20:45:17.115Z</time>
      </trkpt>
      <trkpt lat="46.657230" lon="8.961743">
        <ele>2252.927933</ele>
        <time>2026-09-11T20:45:43.719Z</time>
      </trkpt>
      <trkpt lat="46.656948" lon="8.962567">
        <ele>2243.798572</ele>
        <time>2026-09-11T20:47:10.614Z</time>
      </trkpt>
      <trkpt lat="46.656844" lon="8.963435">
        <ele>2229.856338</ele>
        <time>2026-09-11T20:48:49.568Z</time>
      </trkpt>
      <trkpt lat="46.656735" lon="8.963517">
        <ele>2226.740894</ele>
        <time>2026-09-11T20:49:10.620Z</time>
      </trkpt>
      <trkpt lat="46.656708" lon="8.963798">
        <ele>2221.794958</ele>
        <time>2026-09-11T20:49:44.344Z</time>
      </trkpt>
      <trkpt lat="46.656612" lon="8.963948">
        <ele>2218.219954</ele>
        <time>2026-09-11T20:50:08.959Z</time>
      </trkpt>
      <trkpt lat="46.656665" lon="8.964213">
        <ele>2213.408563</ele>
        <time>2026-09-11T20:50:42.377Z</time>
      </trkpt>
      <trkpt lat="46.656607" lon="8.964835">
        <ele>2202.466726</ele>
        <time>2026-09-11T20:51:57.961Z</time>
      </trkpt>
      <trkpt lat="46.656665" lon="8.965279">
        <ele>2194.383594</ele>
        <time>2026-09-11T20:52:52.314Z</time>
      </trkpt>
      <trkpt lat="46.656250" lon="8.965204">
        <ele>2182.455279</ele>
        <time>2026-09-11T20:54:05.143Z</time>
      </trkpt>
      <trkpt lat="46.656278" lon="8.965457">
        <ele>2177.437982</ele>
        <time>2026-09-11T20:54:35.669Z</time>
      </trkpt>
      <trkpt lat="46.656236" lon="8.965574">
        <ele>2174.852947</ele>
        <time>2026-09-11T20:54:51.411Z</time>
      </trkpt>
      <trkpt lat="46.656243" lon="8.965862">
        <ele>2169.210848</ele>
        <time>2026-09-11T20:55:25.900Z</time>
      </trkpt>
      <trkpt lat="46.656574" lon="8.966590">
        <ele>2152.114336</ele>
        <time>2026-09-11T20:57:14.145Z</time>
      </trkpt>
      <trkpt lat="46.656601" lon="8.966771">
        <ele>2148.487953</ele>
        <time>2026-09-11T20:57:38.165Z</time>
      </trkpt>
      <trkpt lat="46.656291" lon="8.966884">
        <ele>2137.385208</ele>
        <time>2026-09-11T20:58:41.173Z</time>
      </trkpt>
      <trkpt lat="46.656392" lon="8.967284">
        <ele>2126.064484</ele>
        <time>2026-09-11T20:59:42.145Z</time>
      </trkpt>
      <trkpt lat="46.656620" lon="8.967859">
        <ele>2108.426221</ele>
        <time>2026-09-11T21:01:24.119Z</time>
      </trkpt>
      <trkpt lat="46.656600" lon="8.967952">
        <ele>2105.837601</ele>
        <time>2026-09-11T21:01:39.322Z</time>
      </trkpt>
      <trkpt lat="46.656703" lon="8.968293">
        <ele>2095.941919</ele>
        <time>2026-09-11T21:02:37.559Z</time>
      </trkpt>
      <trkpt lat="46.656678" lon="8.968623">
        <ele>2087.123450</ele>
        <time>2026-09-11T21:03:30.579Z</time>
      </trkpt>
      <trkpt lat="46.656530" lon="8.969136">
        <ele>2071.900003</ele>
        <time>2026-09-11T21:05:02.650Z</time>
      </trkpt>
      <trkpt lat="46.656376" lon="8.969198">
        <ele>2064.804152</ele>
        <time>2026-09-11T21:05:41.635Z</time>
      </trkpt>
      <trkpt lat="46.656192" lon="8.969115">
        <ele>2056.249532</ele>
        <time>2026-09-11T21:06:28.758Z</time>
      </trkpt>
      <trkpt lat="46.656129" lon="8.969322">
        <ele>2049.346907</ele>
        <time>2026-09-11T21:07:07.063Z</time>
      </trkpt>
      <trkpt lat="46.656349" lon="8.969715">
        <ele>2033.887635</ele>
        <time>2026-09-11T21:08:33.064Z</time>
      </trkpt>
      <trkpt lat="46.656325" lon="8.969788">
        <ele>2031.420229</ele>
        <time>2026-09-11T21:08:46.809Z</time>
      </trkpt>
      <trkpt lat="46.656377" lon="8.969973">
        <ele>2025.326218</ele>
        <time>2026-09-11T21:09:20.283Z</time>
      </trkpt>
      <trkpt lat="46.656317" lon="8.970132">
        <ele>2019.795112</ele>
        <time>2026-09-11T21:09:50.454Z</time>
      </trkpt>
      <trkpt lat="46.656413" lon="8.970296">
        <ele>2013.224629</ele>
        <time>2026-09-11T21:10:26.398Z</time>
      </trkpt>
      <trkpt lat="46.656398" lon="8.970398">
        <ele>2010.044747</ele>
        <time>2026-09-11T21:10:43.903Z</time>
      </trkpt>
      <trkpt lat="46.656621" lon="8.970551">
        <ele>1999.097531</ele>
        <time>2026-09-11T21:11:45.472Z</time>
      </trkpt>
      <trkpt lat="46.656602" lon="8.970684">
        <ele>1995.073435</ele>
        <time>2026-09-11T21:12:08.612Z</time>
      </trkpt>
      <trkpt lat="46.656664" lon="8.970813">
        <ele>1991.391677</ele>
        <time>2026-09-11T21:12:35.227Z</time>
      </trkpt>
      <trkpt lat="46.656632" lon="8.970949">
        <ele>1988.030506</ele>
        <time>2026-09-11T21:12:59.334Z</time>
      </trkpt>
      <trkpt lat="46.656553" lon="8.970994">
        <ele>1985.141279</ele>
        <time>2026-09-11T21:13:19.778Z</time>
      </trkpt>
      <trkpt lat="46.656634" lon="8.971172">
        <ele>1980.148309</ele>
        <time>2026-09-11T21:13:54.495Z</time>
      </trkpt>
      <trkpt lat="46.656481" lon="8.971342">
        <ele>1973.594289</ele>
        <time>2026-09-11T21:14:38.464Z</time>
      </trkpt>
      <trkpt lat="46.656541" lon="8.971646">
        <ele>1966.199080</ele>
        <time>2026-09-11T21:15:25.291Z</time>
      </trkpt>
      <trkpt lat="46.656853" lon="8.972204">
        <ele>1949.372862</ele>
        <time>2026-09-11T21:17:00.000Z</time>
      </trkpt>
      <trkpt lat="46.657035" lon="8.972315">
        <ele>1942.652388</ele>
        <time>2026-09-11T21:17:33.544Z</time>
      </trkpt>
      <trkpt lat="46.656982" lon="8.972410">
        <ele>1939.790262</ele>
        <time>2026-09-11T21:17:47.232Z</time>
      </trkpt>
      <trkpt lat="46.657042" lon="8.972463">
        <ele>1937.400277</ele>
        <time>2026-09-11T21:17:58.380Z</time>
      </trkpt>
      <trkpt lat="46.657279" lon="8.972503">
        <ele>1930.209812</ele>
        <time>2026-09-11T21:18:35.031Z</time>
      </trkpt>
      <trkpt lat="46.657383" lon="8.972616">
        <ele>1926.631592</ele>
        <time>2026-09-11T21:18:54.428Z</time>
      </trkpt>
      <trkpt lat="46.657501" lon="8.972555">
        <ele>1923.178263</ele>
        <time>2026-09-11T21:19:13.364Z</time>
      </trkpt>
      <trkpt lat="46.657718" lon="8.972259">
        <ele>1914.979575</ele>
        <time>2026-09-11T21:19:59.041Z</time>
      </trkpt>
      <trkpt lat="46.657906" lon="8.972281">
        <ele>1909.777678</ele>
        <time>2026-09-11T21:20:28.845Z</time>
      </trkpt>
      <trkpt lat="46.657995" lon="8.972365">
        <ele>1906.852946</ele>
        <time>2026-09-11T21:20:46.191Z</time>
      </trkpt>
      <trkpt lat="46.658040" lon="8.972569">
        <ele>1902.796649</ele>
        <time>2026-09-11T21:21:11.306Z</time>
      </trkpt>
      <trkpt lat="46.657994" lon="8.972619">
        <ele>1901.213764</ele>
        <time>2026-09-11T21:21:21.526Z</time>
      </trkpt>
      <trkpt lat="46.658014" lon="8.972744">
        <ele>1898.784049</ele>
        <time>2026-09-11T21:21:37.559Z</time>
      </trkpt>
      <trkpt lat="46.658127" lon="8.972816">
        <ele>1895.382416</ele>
        <time>2026-09-11T21:22:00.954Z</time>
      </trkpt>
      <trkpt lat="46.658086" lon="8.973043">
        <ele>1890.938979</ele>
        <time>2026-09-11T21:22:32.916Z</time>
      </trkpt>
      <trkpt lat="46.658213" lon="8.973293">
        <ele>1885.051179</ele>
        <time>2026-09-11T21:23:17.548Z</time>
      </trkpt>
      <trkpt lat="46.658126" lon="8.973508">
        <ele>1878.305197</ele>
        <time>2026-09-11T21:23:55.171Z</time>
      </trkpt>
      <trkpt lat="46.658065" lon="8.973551">
        <ele>1875.549208</ele>
        <time>2026-09-11T21:24:10.454Z</time>
      </trkpt>
      <trkpt lat="46.658071" lon="8.973788">
        <ele>1868.929097</ele>
        <time>2026-09-11T21:24:48.010Z</time>
      </trkpt>
      <trkpt lat="46.658347" lon="8.974033">
        <ele>1855.784886</ele>
        <time>2026-09-11T21:26:04.816Z</time>
      </trkpt>
      <trkpt lat="46.658273" lon="8.974839">
        <ele>1833.085921</ele>
        <time>2026-09-11T21:28:18.839Z</time>
      </trkpt>
      <trkpt lat="46.658386" lon="8.975057">
        <ele>1825.460269</ele>
        <time>2026-09-11T21:29:03.890Z</time>
      </trkpt>
      <trkpt lat="46.658355" lon="8.975248">
        <ele>1819.981687</ele>
        <time>2026-09-11T21:29:35.806Z</time>
      </trkpt>
      <trkpt lat="46.658542" lon="8.975460">
        <ele>1810.493435</ele>
        <time>2026-09-11T21:30:30.757Z</time>
      </trkpt>
      <trkpt lat="46.658575" lon="8.975734">
        <ele>1803.784250</ele>
        <time>2026-09-11T21:31:13.569Z</time>
      </trkpt>
      <trkpt lat="46.658657" lon="8.975691">
        <ele>1800.721896</ele>
        <time>2026-09-11T21:31:32.712Z</time>
      </trkpt>
      <trkpt lat="46.658675" lon="8.975918">
        <ele>1795.210802</ele>
        <time>2026-09-11T21:32:06.293Z</time>
      </trkpt>
      <trkpt lat="46.658911" lon="8.976097">
        <ele>1785.861580</ele>
        <time>2026-09-11T21:33:01.071Z</time>
      </trkpt>
      <trkpt lat="46.658900" lon="8.976443">
        <ele>1777.508006</ele>
        <time>2026-09-11T21:33:47.633Z</time>
      </trkpt>
      <trkpt lat="46.659325" lon="8.976477">
        <ele>1762.551368</ele>
        <time>2026-09-11T21:35:08.908Z</time>
      </trkpt>
      <trkpt lat="46.659392" lon="8.976377">
        <ele>1759.181021</ele>
        <time>2026-09-11T21:35:27.227Z</time>
      </trkpt>
      <trkpt lat="46.659897" lon="8.976069">
        <ele>1737.909379</ele>
        <time>2026-09-11T21:37:17.459Z</time>
      </trkpt>
      <trkpt lat="46.660032" lon="8.976133">
        <ele>1731.696293</ele>
        <time>2026-09-11T21:37:48.319Z</time>
      </trkpt>
      <trkpt lat="46.660199" lon="8.976593">
        <ele>1716.065458</ele>
        <time>2026-09-11T21:39:11.021Z</time>
      </trkpt>
      <trkpt lat="46.660274" lon="8.976687">
        <ele>1711.735840</ele>
        <time>2026-09-11T21:39:35.207Z</time>
      </trkpt>
      <trkpt lat="46.660287" lon="8.976807">
        <ele>1708.086821</ele>
        <time>2026-09-11T21:39:56.137Z</time>
      </trkpt>
      <trkpt lat="46.660235" lon="8.977150">
        <ele>1697.535907</ele>
        <time>2026-09-11T21:40:58.155Z</time>
      </trkpt>
      <trkpt lat="46.660314" lon="8.977591">
        <ele>1683.845986</ele>
        <time>2026-09-11T21:42:21.313Z</time>
      </trkpt>
      <trkpt lat="46.660522" lon="8.978316">
        <ele>1658.926089</ele>
        <time>2026-09-11T21:44:44.844Z</time>
      </trkpt>
      <trkpt lat="46.660228" lon="8.978338">
        <ele>1644.211777</ele>
        <time>2026-09-11T21:46:01.089Z</time>
      </trkpt>
      <trkpt lat="46.660263" lon="8.978595">
        <ele>1635.223666</ele>
        <time>2026-09-11T21:46:46.505Z</time>
      </trkpt>
      <trkpt lat="46.660212" lon="8.978865">
        <ele>1625.617107</ele>
        <time>2026-09-11T21:47:34.979Z</time>
      </trkpt>
      <trkpt lat="46.659868" lon="8.978716">
        <ele>1607.679362</ele>
        <time>2026-09-11T21:49:07.638Z</time>
      </trkpt>
      <trkpt lat="46.659756" lon="8.978843">
        <ele>1600.585761</ele>
        <time>2026-09-11T21:49:44.845Z</time>
      </trkpt>
      <trkpt lat="46.659587" lon="8.979359">
        <ele>1580.972316</ele>
        <time>2026-09-11T21:51:30.730Z</time>
      </trkpt>
      <trkpt lat="46.659417" lon="8.979363">
        <ele>1571.743059</ele>
        <time>2026-09-11T21:52:18.640Z</time>
      </trkpt>
      <trkpt lat="46.659374" lon="8.979433">
        <ele>1568.190372</ele>
        <time>2026-09-11T21:52:37.275Z</time>
      </trkpt>
      <trkpt lat="46.659250" lon="8.979877">
        <ele>1550.062442</ele>
        <time>2026-09-11T21:54:13.650Z</time>
      </trkpt>
      <trkpt lat="46.658886" lon="8.980340">
        <ele>1523.438033</ele>
        <time>2026-09-11T21:56:38.288Z</time>
      </trkpt>
      <trkpt lat="46.658759" lon="8.980332">
        <ele>1516.433688</ele>
        <time>2026-09-11T21:57:16.553Z</time>
      </trkpt>
      <trkpt lat="46.658547" lon="8.980829">
        <ele>1494.303867</ele>
        <time>2026-09-11T21:59:13.051Z</time>
      </trkpt>
      <trkpt lat="46.658476" lon="8.980835">
        <ele>1490.385132</ele>
        <time>2026-09-11T21:59:32.801Z</time>
      </trkpt>
      <trkpt lat="46.658421" lon="8.981180">
        <ele>1478.080344</ele>
        <time>2026-09-11T22:00:38.469Z</time>
      </trkpt>
      <trkpt lat="46.658158" lon="8.981236">
        <ele>1467.973805</ele>
        <time>2026-09-11T22:01:47.025Z</time>
      </trkpt>
      <trkpt lat="46.658056" lon="8.981398">
        <ele>1462.236472</ele>
        <time>2026-09-11T22:02:24.082Z</time>
      </trkpt>
      <trkpt lat="46.657865" lon="8.981471">
        <ele>1454.728164</ele>
        <time>2026-09-11T22:03:10.669Z</time>
      </trkpt>
      <trkpt lat="46.657732" lon="8.981791">
        <ele>1444.964967</ele>
        <time>2026-09-11T22:04:08.178Z</time>
      </trkpt>
      <trkpt lat="46.657364" lon="8.981856">
        <ele>1430.869684</ele>
        <time>2026-09-11T22:05:25.048Z</time>
      </trkpt>
      <trkpt lat="46.657301" lon="8.982020">
        <ele>1425.964818</ele>
        <time>2026-09-11T22:05:49.908Z</time>
      </trkpt>
      <trkpt lat="46.657198" lon="8.982697">
        <ele>1410.512548</ele>
        <time>2026-09-11T22:07:13.344Z</time>
      </trkpt>
      <trkpt lat="46.657010" lon="8.982699">
        <ele>1407.815133</ele>
        <time>2026-09-11T22:07:43.416Z</time>
      </trkpt>
      <trkpt lat="46.656915" lon="8.982927">
        <ele>1405.188528</ele>
        <time>2026-09-11T22:08:11.202Z</time>
      </trkpt>
      <trkpt lat="46.656781" lon="8.983114">
        <ele>1402.526296</ele>
        <time>2026-09-11T22:08:37.579Z</time>
      </trkpt>
      <trkpt lat="46.656919" lon="8.983943">
        <ele>1394.125890</ele>
        <time>2026-09-11T22:09:51.095Z</time>
      </trkpt>
      <trkpt lat="46.657076" lon="8.984026">
        <ele>1391.729615</ele>
        <time>2026-09-11T22:10:10.464Z</time>
      </trkpt>
      <trkpt lat="46.657191" lon="8.984304">
        <ele>1388.533196</ele>
        <time>2026-09-11T22:10:35.592Z</time>
      </trkpt>
      <trkpt lat="46.657137" lon="8.984494">
        <ele>1386.508080</ele>
        <time>2026-09-11T22:10:51.046Z</time>
      </trkpt>
      <trkpt lat="46.656940" lon="8.984485">
        <ele>1386.761616</ele>
        <time>2026-09-11T22:11:16.992Z</time>
      </trkpt>
      <trkpt lat="46.656394" lon="8.984298">
        <ele>1388.146235</ele>
        <time>2026-09-11T22:12:31.224Z</time>
      </trkpt>
      <trkpt lat="46.656296" lon="8.984445">
        <ele>1388.493465</ele>
        <time>2026-09-11T22:12:51.577Z</time>
      </trkpt>
      <trkpt lat="46.656164" lon="8.984504">
        <ele>1388.834316</ele>
        <time>2026-09-11T22:13:08.013Z</time>
      </trkpt>
      <trkpt lat="46.656024" lon="8.984419">
        <ele>1389.208735</ele>
        <time>2026-09-11T22:13:30.806Z</time>
      </trkpt>
      <trkpt lat="46.655501" lon="8.984515">
        <ele>1390.510041</ele>
        <time>2026-09-11T22:14:48.941Z</time>
      </trkpt>
      <trkpt lat="46.655241" lon="8.984958">
        <ele>1392.436082</ele>
        <time>2026-09-11T22:15:48.105Z</time>
      </trkpt>
      <trkpt lat="46.655144" lon="8.985345">
        <ele>1394.009752</ele>
        <time>2026-09-11T22:16:30.663Z</time>
      </trkpt>
      <trkpt lat="46.654985" lon="8.985599">
        <ele>1395.322820</ele>
        <time>2026-09-11T22:17:05.686Z</time>
      </trkpt>
      <trkpt lat="46.654919" lon="8.986586">
        <ele>1399.110658</ele>
        <time>2026-09-11T22:18:46.184Z</time>
      </trkpt>
      <trkpt lat="46.654440" lon="8.987256">
        <ele>1402.845865</ele>
        <time>2026-09-11T22:20:27.428Z</time>
      </trkpt>
      <trkpt lat="46.653857" lon="8.987716">
        <ele>1406.607496</ele>
        <time>2026-09-11T22:22:05.936Z</time>
      </trkpt>
      <trkpt lat="46.653500" lon="8.988426">
        <ele>1410.034991</ele>
        <time>2026-09-11T22:23:34.446Z</time>
      </trkpt>
      <trkpt lat="46.653329" lon="8.988668">
        <ele>1411.805063</ele>
        <time>2026-09-11T22:24:09.970Z</time>
      </trkpt>
      <trkpt lat="46.653394" lon="8.988959">
        <ele>1414.169655</ele>
        <time>2026-09-11T22:24:35.487Z</time>
      </trkpt>
      <trkpt lat="46.653436" lon="8.989105">
        <ele>1415.392852</ele>
        <time>2026-09-11T22:24:48.824Z</time>
      </trkpt>
      <trkpt lat="46.653335" lon="8.989287">
        <ele>1417.201262</ele>
        <time>2026-09-11T22:25:14.265Z</time>
      </trkpt>
      <trkpt lat="46.652705" lon="8.989385">
        <ele>1424.333484</ele>
        <time>2026-09-11T22:27:01.663Z</time>
      </trkpt>
      <trkpt lat="46.652590" lon="8.989468">
        <ele>1425.778196</ele>
        <time>2026-09-11T22:27:26.750Z</time>
      </trkpt>
      <trkpt lat="46.652345" lon="8.989481">
        <ele>1428.537990</ele>
        <time>2026-09-11T22:28:18.023Z</time>
      </trkpt>
      <trkpt lat="46.652063" lon="8.989450">
        <ele>1432.100210</ele>
        <time>2026-09-11T22:29:20.750Z</time>
      </trkpt>
      <trkpt lat="46.651933" lon="8.989656">
        <ele>1435.865481</ele>
        <time>2026-09-11T22:30:04.678Z</time>
      </trkpt>
      <trkpt lat="46.651778" lon="8.989611">
        <ele>1438.963618</ele>
        <time>2026-09-11T22:30:41.900Z</time>
      </trkpt>
      <trkpt lat="46.651363" lon="8.989806">
        <ele>1447.511348</ele>
        <time>2026-09-11T22:32:28.666Z</time>
      </trkpt>
      <trkpt lat="46.651066" lon="8.989905">
        <ele>1453.483754</ele>
        <time>2026-09-11T22:33:45.173Z</time>
      </trkpt>
      <trkpt lat="46.650728" lon="8.990111">
        <ele>1460.665873</ele>
        <time>2026-09-11T22:35:17.466Z</time>
      </trkpt>
      <trkpt lat="46.650871" lon="8.990944">
        <ele>1473.425341</ele>
        <time>2026-09-11T22:37:49.470Z</time>
      </trkpt>
      <trkpt lat="46.650488" lon="8.991209">
        <ele>1483.478885</ele>
        <time>2026-09-11T22:39:42.905Z</time>
      </trkpt>
      <trkpt lat="46.650110" lon="8.991128">
        <ele>1492.538074</ele>
        <time>2026-09-11T22:41:29.931Z</time>
      </trkpt>
      <trkpt lat="46.649974" lon="8.991265">
        <ele>1496.458657</ele>
        <time>2026-09-11T22:42:17.416Z</time>
      </trkpt>
      <trkpt lat="46.649634" lon="8.991800">
        <ele>1508.325403</ele>
        <time>2026-09-11T22:44:44.188Z</time>
      </trkpt>
      <trkpt lat="46.649472" lon="8.992461">
        <ele>1519.131439</ele>
        <time>2026-09-11T22:47:06.788Z</time>
      </trkpt>
      <trkpt lat="46.649362" lon="8.992794">
        <ele>1524.796905</ele>
        <time>2026-09-11T22:48:20.122Z</time>
      </trkpt>
      <trkpt lat="46.649216" lon="8.992914">
        <ele>1528.540718</ele>
        <time>2026-09-11T22:49:07.383Z</time>
      </trkpt>
      <trkpt lat="46.649041" lon="8.993145">
        <ele>1533.814837</ele>
        <time>2026-09-11T22:50:11.635Z</time>
      </trkpt>
      <trkpt lat="46.648499" lon="8.994022">
        <ele>1551.518320</ele>
        <time>2026-09-11T22:53:26.018Z</time>
      </trkpt>
      <trkpt lat="46.648407" lon="8.994415">
        <ele>1556.942248</ele>
        <time>2026-09-11T22:54:25.181Z</time>
      </trkpt>
      <trkpt lat="46.648144" lon="8.995255">
        <ele>1569.002334</ele>
        <time>2026-09-11T22:56:46.173Z</time>
      </trkpt>
      <trkpt lat="46.647983" lon="8.995233">
        <ele>1572.079407</ele>
        <time>2026-09-11T22:57:24.169Z</time>
      </trkpt>
      <trkpt lat="46.647685" lon="8.994887">
        <ele>1579.330841</ele>
        <time>2026-09-11T22:58:38.689Z</time>
      </trkpt>
      <trkpt lat="46.647508" lon="8.994764">
        <ele>1583.062541</ele>
        <time>2026-09-11T22:59:29.526Z</time>
      </trkpt>
      <trkpt lat="46.646788" lon="8.995280">
        <ele>1603.638333</ele>
        <time>2026-09-11T23:03:38.824Z</time>
      </trkpt>
      <trkpt lat="46.646570" lon="8.995387">
        <ele>1609.583179</ele>
        <time>2026-09-11T23:04:57.796Z</time>
      </trkpt>
      <trkpt lat="46.646417" lon="8.995599">
        <ele>1615.040152</ele>
        <time>2026-09-11T23:06:08.819Z</time>
      </trkpt>
      <trkpt lat="46.646261" lon="8.995603">
        <ele>1619.072185</ele>
        <time>2026-09-11T23:07:01.668Z</time>
      </trkpt>
      <trkpt lat="46.646104" lon="8.995945">
        <ele>1626.371100</ele>
        <time>2026-09-11T23:08:36.275Z</time>
      </trkpt>
      <trkpt lat="46.645933" lon="8.996097">
        <ele>1631.451638</ele>
        <time>2026-09-11T23:09:41.086Z</time>
      </trkpt>
      <trkpt lat="46.645885" lon="8.996029">
        <ele>1633.074846</ele>
        <time>2026-09-11T23:10:02.329Z</time>
      </trkpt>
      <trkpt lat="46.645781" lon="8.996107">
        <ele>1635.910636</ele>
        <time>2026-09-11T23:10:39.263Z</time>
      </trkpt>
      <trkpt lat="46.645649" lon="8.996550">
        <ele>1643.947859</ele>
        <time>2026-09-11T23:12:22.337Z</time>
      </trkpt>
      <trkpt lat="46.645547" lon="8.996719">
        <ele>1647.692891</ele>
        <time>2026-09-11T23:13:09.495Z</time>
      </trkpt>
      <trkpt lat="46.645500" lon="8.996633">
        <ele>1649.522313</ele>
        <time>2026-09-11T23:13:32.216Z</time>
      </trkpt>
      <trkpt lat="46.645424" lon="8.996636">
        <ele>1651.365422</ele>
        <time>2026-09-11T23:13:54.591Z</time>
      </trkpt>
      <trkpt lat="46.645415" lon="8.996708">
        <ele>1652.583403</ele>
        <time>2026-09-11T23:14:09.462Z</time>
      </trkpt>
      <trkpt lat="46.645244" lon="8.996984">
        <ele>1658.770843</ele>
        <time>2026-09-11T23:15:23.553Z</time>
      </trkpt>
      <trkpt lat="46.645252" lon="8.997069">
        <ele>1660.198716</ele>
        <time>2026-09-11T23:15:40.671Z</time>
      </trkpt>
      <trkpt lat="46.645471" lon="8.997236">
        <ele>1666.191334</ele>
        <time>2026-09-11T23:16:52.936Z</time>
      </trkpt>
      <trkpt lat="46.645689" lon="8.997820">
        <ele>1677.725218</ele>
        <time>2026-09-11T23:19:06.388Z</time>
      </trkpt>
      <trkpt lat="46.645718" lon="8.998104">
        <ele>1683.118432</ele>
        <time>2026-09-11T23:20:04.737Z</time>
      </trkpt>
      <trkpt lat="46.645611" lon="8.998179">
        <ele>1686.367374</ele>
        <time>2026-09-11T23:20:40.867Z</time>
      </trkpt>
      <trkpt lat="46.645547" lon="8.998184">
        <ele>1688.120995</ele>
        <time>2026-09-11T23:21:00.839Z</time>
      </trkpt>
      <trkpt lat="46.645469" lon="8.998140">
        <ele>1690.409597</ele>
        <time>2026-09-11T23:21:27.010Z</time>
      </trkpt>
      <trkpt lat="46.645113" lon="8.998183">
        <ele>1700.183545</ele>
        <time>2026-09-11T23:23:23.206Z</time>
      </trkpt>
      <trkpt lat="46.645050" lon="8.998164">
        <ele>1701.943846</ele>
        <time>2026-09-11T23:23:44.232Z</time>
      </trkpt>
      <trkpt lat="46.645065" lon="8.998214">
        <ele>1702.968793</ele>
        <time>2026-09-11T23:23:56.686Z</time>
      </trkpt>
      <trkpt lat="46.644829" lon="8.998220">
        <ele>1709.426973</ele>
        <time>2026-09-11T23:25:16.461Z</time>
      </trkpt>
      <trkpt lat="46.644863" lon="8.998292">
        <ele>1711.068464</ele>
        <time>2026-09-11T23:25:37.322Z</time>
      </trkpt>
      <trkpt lat="46.645263" lon="8.998702">
        <ele>1725.084179</ele>
        <time>2026-09-11T23:28:33.490Z</time>
      </trkpt>
      <trkpt lat="46.645074" lon="8.998708">
        <ele>1732.251126</ele>
        <time>2026-09-11T23:29:44.148Z</time>
      </trkpt>
      <trkpt lat="46.644786" lon="8.998796">
        <ele>1743.407233</ele>
        <time>2026-09-11T23:31:38.250Z</time>
      </trkpt>
      <trkpt lat="46.644841" lon="8.998875">
        <ele>1746.335608</ele>
        <time>2026-09-11T23:32:09.137Z</time>
      </trkpt>
      <trkpt lat="46.644850" lon="8.998943">
        <ele>1748.138024</ele>
        <time>2026-09-11T23:32:28.893Z</time>
      </trkpt>
      <trkpt lat="46.645060" lon="8.999158">
        <ele>1757.869220</ele>
        <time>2026-09-11T23:34:17.058Z</time>
      </trkpt>
      <trkpt lat="46.644866" lon="8.999136">
        <ele>1765.246277</ele>
        <time>2026-09-11T23:35:41.610Z</time>
      </trkpt>
      <trkpt lat="46.644639" lon="8.999195">
        <ele>1773.988082</ele>
        <time>2026-09-11T23:37:23.962Z</time>
      </trkpt>
      <trkpt lat="46.644597" lon="8.999174">
        <ele>1775.671554</ele>
        <time>2026-09-11T23:37:44.110Z</time>
      </trkpt>
      <trkpt lat="46.644436" lon="8.999223">
        <ele>1781.907093</ele>
        <time>2026-09-11T23:38:58.602Z</time>
      </trkpt>
      <trkpt lat="46.644340" lon="8.999285">
        <ele>1785.888279</ele>
        <time>2026-09-11T23:39:45.916Z</time>
      </trkpt>
      <trkpt lat="46.644544" lon="8.999389">
        <ele>1793.961602</ele>
        <time>2026-09-11T23:41:24.258Z</time>
      </trkpt>
      <trkpt lat="46.644253" lon="8.999533">
        <ele>1805.157512</ele>
        <time>2026-09-11T23:43:41.650Z</time>
      </trkpt>
      <trkpt lat="46.644350" lon="8.999612">
        <ele>1809.205981</ele>
        <time>2026-09-11T23:44:30.528Z</time>
      </trkpt>
      <trkpt lat="46.644391" lon="8.999731">
        <ele>1812.535871</ele>
        <time>2026-09-11T23:45:10.625Z</time>
      </trkpt>
      <trkpt lat="46.644512" lon="8.999781">
        <ele>1817.117735</ele>
        <time>2026-09-11T23:46:05.240Z</time>
      </trkpt>
      <trkpt lat="46.644528" lon="8.999834">
        <ele>1818.565728</ele>
        <time>2026-09-11T23:46:22.314Z</time>
      </trkpt>
      <trkpt lat="46.644423" lon="8.999921">
        <ele>1822.966326</ele>
        <time>2026-09-11T23:47:13.831Z</time>
      </trkpt>
      <trkpt lat="46.644497" lon="8.999990">
        <ele>1826.167103</ele>
        <time>2026-09-11T23:47:50.303Z</time>
      </trkpt>
      <trkpt lat="46.644456" lon="9.000018">
        <ele>1827.816707</ele>
        <time>2026-09-11T23:48:08.893Z</time>
      </trkpt>
      <trkpt lat="46.644490" lon="9.000117">
        <ele>1830.585165</ele>
        <time>2026-09-11T23:48:39.852Z</time>
      </trkpt>
      <trkpt lat="46.644576" lon="9.000093">
        <ele>1833.775050</ele>
        <time>2026-09-11T23:49:15.250Z</time>
      </trkpt>
      <trkpt lat="46.644527" lon="9.000190">
        <ele>1836.786922</ele>
        <time>2026-09-11T23:49:47.665Z</time>
      </trkpt>
      <trkpt lat="46.644683" lon="9.000115">
        <ele>1842.771411</ele>
        <time>2026-09-11T23:50:50.497Z</time>
      </trkpt>
      <trkpt lat="46.644685" lon="9.000175">
        <ele>1844.273740</ele>
        <time>2026-09-11T23:51:06.013Z</time>
      </trkpt>
      <trkpt lat="46.644716" lon="9.000190">
        <ele>1845.463721</ele>
        <time>2026-09-11T23:51:17.683Z</time>
      </trkpt>
      <trkpt lat="46.644669" lon="9.000324">
        <ele>1849.227019</ele>
        <time>2026-09-11T23:51:54.906Z</time>
      </trkpt>
      <trkpt lat="46.644555" lon="9.000431">
        <ele>1854.167438</ele>
        <time>2026-09-11T23:52:41.536Z</time>
      </trkpt>
      <trkpt lat="46.644690" lon="9.000542">
        <ele>1858.720751</ele>
        <time>2026-09-11T23:53:33.030Z</time>
      </trkpt>
      <trkpt lat="46.644698" lon="9.000569">
        <ele>1859.211948</ele>
        <time>2026-09-11T23:53:39.345Z</time>
      </trkpt>
      <trkpt lat="46.644645" lon="9.000596">
        <ele>1860.578042</ele>
        <time>2026-09-11T23:53:57.133Z</time>
      </trkpt>
      <trkpt lat="46.644694" lon="9.000631">
        <ele>1861.905851</ele>
        <time>2026-09-11T23:54:14.699Z</time>
      </trkpt>
      <trkpt lat="46.644685" lon="9.000661">
        <ele>1862.452703</ele>
        <time>2026-09-11T23:54:21.959Z</time>
      </trkpt>
      <trkpt lat="46.644608" lon="9.000673">
        <ele>1864.336827</ele>
        <time>2026-09-11T23:54:46.273Z</time>
      </trkpt>
      <trkpt lat="46.644680" lon="9.000791">
        <ele>1866.973778</ele>
        <time>2026-09-11T23:55:19.862Z</time>
      </trkpt>
      <trkpt lat="46.644616" lon="9.000787">
        <ele>1868.532348</ele>
        <time>2026-09-11T23:55:39.166Z</time>
      </trkpt>
      <trkpt lat="46.644613" lon="9.000819">
        <ele>1869.071814</ele>
        <time>2026-09-11T23:55:45.916Z</time>
      </trkpt>
      <trkpt lat="46.644718" lon="9.000906">
        <ele>1872.010883</ele>
        <time>2026-09-11T23:56:22.364Z</time>
      </trkpt>
      <trkpt lat="46.644722" lon="9.001013">
        <ele>1873.800776</ele>
        <time>2026-09-11T23:56:44.780Z</time>
      </trkpt>
      <trkpt lat="46.644634" lon="9.001129">
        <ele>1876.688398</ele>
        <time>2026-09-11T23:57:20.201Z</time>
      </trkpt>
      <trkpt lat="46.644553" lon="9.001183">
        <ele>1878.855753</ele>
        <time>2026-09-11T23:57:46.222Z</time>
      </trkpt>
      <trkpt lat="46.644514" lon="9.001180">
        <ele>1879.805956</ele>
        <time>2026-09-11T23:57:57.549Z</time>
      </trkpt>
      <trkpt lat="46.644408" lon="9.001060">
        <ele>1883.072284</ele>
        <time>2026-09-11T23:58:35.962Z</time>
      </trkpt>
      <trkpt lat="46.644283" lon="9.000991">
        <ele>1886.324628</ele>
        <time>2026-09-11T23:59:13.913Z</time>
      </trkpt>
      <trkpt lat="46.644230" lon="9.000941">
        <ele>1887.860965</ele>
        <time>2026-09-11T23:59:31.913Z</time>
      </trkpt>
      <trkpt lat="46.644205" lon="9.000863">
        <ele>1889.298821</ele>
        <time>2026-09-11T23:59:48.799Z</time>
      </trkpt>
      <trkpt lat="46.644129" lon="9.000933">
        <ele>1891.486581</ele>
        <time>2026-09-12T00:00:14.513Z</time>
      </trkpt>
      <trkpt lat="46.644081" lon="9.000935">
        <ele>1892.654912</ele>
        <time>2026-09-12T00:00:28.229Z</time>
      </trkpt>
      <trkpt lat="46.644057" lon="9.000900">
        <ele>1893.481200</ele>
        <time>2026-09-12T00:00:38.041Z</time>
      </trkpt>
      <trkpt lat="46.644007" lon="9.001004">
        <ele>1895.601960</ele>
        <time>2026-09-12T00:01:02.760Z</time>
      </trkpt>
      <trkpt lat="46.643941" lon="9.001063">
        <ele>1897.486053</ele>
        <time>2026-09-12T00:01:24.847Z</time>
      </trkpt>
      <trkpt lat="46.643976" lon="9.000873">
        <ele>1900.749415</ele>
        <time>2026-09-12T00:02:03.280Z</time>
      </trkpt>
      <trkpt lat="46.643946" lon="9.000796">
        <ele>1902.160154</ele>
        <time>2026-09-12T00:02:20.729Z</time>
      </trkpt>
      <trkpt lat="46.643906" lon="9.000824">
        <ele>1903.190184</ele>
        <time>2026-09-12T00:02:33.316Z</time>
      </trkpt>
      <trkpt lat="46.643776" lon="9.000760">
        <ele>1906.375127</ele>
        <time>2026-09-12T00:03:13.227Z</time>
      </trkpt>
      <trkpt lat="46.643713" lon="9.000793">
        <ele>1907.929014</ele>
        <time>2026-09-12T00:03:33.056Z</time>
      </trkpt>
      <trkpt lat="46.643679" lon="9.000766">
        <ele>1908.827802</ele>
        <time>2026-09-12T00:03:44.637Z</time>
      </trkpt>
      <trkpt lat="46.643518" lon="9.000759">
        <ele>1912.566234</ele>
        <time>2026-09-12T00:04:33.235Z</time>
      </trkpt>
      <trkpt lat="46.643526" lon="9.000732">
        <ele>1913.034817</ele>
        <time>2026-09-12T00:04:39.385Z</time>
      </trkpt>
      <trkpt lat="46.643494" lon="9.000716">
        <ele>1913.820068</ele>
        <time>2026-09-12T00:04:49.893Z</time>
      </trkpt>
      <trkpt lat="46.643484" lon="9.000652">
        <ele>1914.865943</ele>
        <time>2026-09-12T00:05:03.740Z</time>
      </trkpt>
      <trkpt lat="46.643413" lon="9.000658">
        <ele>1916.516605</ele>
        <time>2026-09-12T00:05:25.850Z</time>
      </trkpt>
      <trkpt lat="46.643408" lon="9.000733">
        <ele>1917.717301</ele>
        <time>2026-09-12T00:05:42.053Z</time>
      </trkpt>
      <trkpt lat="46.643370" lon="9.000741">
        <ele>1918.608436</ele>
        <time>2026-09-12T00:05:53.934Z</time>
      </trkpt>
      <trkpt lat="46.643360" lon="9.000803">
        <ele>1919.623263</ele>
        <time>2026-09-12T00:06:07.459Z</time>
      </trkpt>
      <trkpt lat="46.643242" lon="9.000907">
        <ele>1922.824352</ele>
        <time>2026-09-12T00:06:50.273Z</time>
      </trkpt>
      <trkpt lat="46.643114" lon="9.000817">
        <ele>1926.123224</ele>
        <time>2026-09-12T00:07:33.673Z</time>
      </trkpt>
      <trkpt lat="46.643082" lon="9.000832">
        <ele>1926.903448</ele>
        <time>2026-09-12T00:07:43.826Z</time>
      </trkpt>
      <trkpt lat="46.643029" lon="9.000798">
        <ele>1928.247583</ele>
        <time>2026-09-12T00:08:01.021Z</time>
      </trkpt>
      <trkpt lat="46.642895" lon="9.000867">
        <ele>1931.546310</ele>
        <time>2026-09-12T00:08:43.959Z</time>
      </trkpt>
      <trkpt lat="46.642856" lon="9.000858">
        <ele>1932.462780</ele>
        <time>2026-09-12T00:08:55.811Z</time>
      </trkpt>
      <trkpt lat="46.642790" lon="9.000769">
        <ele>1934.550303</ele>
        <time>2026-09-12T00:09:22.365Z</time>
      </trkpt>
      <trkpt lat="46.642677" lon="9.000384">
        <ele>1941.222205</ele>
        <time>2026-09-12T00:10:46.211Z</time>
      </trkpt>
      <trkpt lat="46.642584" lon="9.000315">
        <ele>1943.585703</ele>
        <time>2026-09-12T00:11:15.770Z</time>
      </trkpt>
      <trkpt lat="46.642566" lon="9.000546">
        <ele>1947.155234</ele>
        <time>2026-09-12T00:12:00.158Z</time>
      </trkpt>
      <trkpt lat="46.642463" lon="9.000771">
        <ele>1951.307414</ele>
        <time>2026-09-12T00:12:50.413Z</time>
      </trkpt>
      <trkpt lat="46.642375" lon="9.000756">
        <ele>1953.288875</ele>
        <time>2026-09-12T00:13:14.051Z</time>
      </trkpt>
      <trkpt lat="46.642269" lon="9.000598">
        <ele>1956.680749</ele>
        <time>2026-09-12T00:13:54.436Z</time>
      </trkpt>
      <trkpt lat="46.642167" lon="9.000505">
        <ele>1959.371940</ele>
        <time>2026-09-12T00:14:26.260Z</time>
      </trkpt>
      <trkpt lat="46.642114" lon="9.000394">
        <ele>1961.447887</ele>
        <time>2026-09-12T00:14:50.849Z</time>
      </trkpt>
      <trkpt lat="46.642028" lon="9.000314">
        <ele>1963.729965</ele>
        <time>2026-09-12T00:15:17.859Z</time>
      </trkpt>
      <trkpt lat="46.641993" lon="9.000322">
        <ele>1964.522283</ele>
        <time>2026-09-12T00:15:27.367Z</time>
      </trkpt>
      <trkpt lat="46.641937" lon="9.000237">
        <ele>1966.331081</ele>
        <time>2026-09-12T00:15:48.908Z</time>
      </trkpt>
      <trkpt lat="46.641737" lon="9.000245">
        <ele>1970.805564</ele>
        <time>2026-09-12T00:16:43.480Z</time>
      </trkpt>
      <trkpt lat="46.641635" lon="9.000360">
        <ele>1973.690238</ele>
        <time>2026-09-12T00:17:19.347Z</time>
      </trkpt>
      <trkpt lat="46.641607" lon="9.000269">
        <ele>1975.221373</ele>
        <time>2026-09-12T00:17:38.974Z</time>
      </trkpt>
      <trkpt lat="46.641552" lon="9.000221">
        <ele>1976.655291</ele>
        <time>2026-09-12T00:17:57.704Z</time>
      </trkpt>
      <trkpt lat="46.641376" lon="9.000155">
        <ele>1980.719712</ele>
        <time>2026-09-12T00:18:52.475Z</time>
      </trkpt>
      <trkpt lat="46.641169" lon="9.000174">
        <ele>1987.361843</ele>
        <time>2026-09-12T00:19:59.668Z</time>
      </trkpt>
      <trkpt lat="46.641090" lon="9.000218">
        <ele>1990.473854</ele>
        <time>2026-09-12T00:20:28.592Z</time>
      </trkpt>
      <trkpt lat="46.641023" lon="9.000204">
        <ele>1992.964306</ele>
        <time>2026-09-12T00:20:52.396Z</time>
      </trkpt>
      <trkpt lat="46.640912" lon="9.000284">
        <ele>1997.521119</ele>
        <time>2026-09-12T00:21:37.627Z</time>
      </trkpt>
      <trkpt lat="46.640866" lon="9.000246">
        <ele>1999.466927</ele>
        <time>2026-09-12T00:21:57.245Z</time>
      </trkpt>
      <trkpt lat="46.640750" lon="9.000254">
        <ele>2003.739839</ele>
        <time>2026-09-12T00:22:41.995Z</time>
      </trkpt>
      <trkpt lat="46.640752" lon="9.000177">
        <ele>2005.686391</ele>
        <time>2026-09-12T00:23:02.872Z</time>
      </trkpt>
      <trkpt lat="46.640789" lon="9.000127">
        <ele>2007.543478</ele>
        <time>2026-09-12T00:23:23.163Z</time>
      </trkpt>
      <trkpt lat="46.640796" lon="9.000072">
        <ele>2008.956548</ele>
        <time>2026-09-12T00:23:38.706Z</time>
      </trkpt>
      <trkpt lat="46.640733" lon="9.000083">
        <ele>2011.291180</ele>
        <time>2026-09-12T00:24:04.880Z</time>
      </trkpt>
      <trkpt lat="46.640603" lon="9.000011">
        <ele>2016.408572</ele>
        <time>2026-09-12T00:25:03.699Z</time>
      </trkpt>
      <trkpt lat="46.640596" lon="8.999830">
        <ele>2020.988224</ele>
        <time>2026-09-12T00:25:58.117Z</time>
      </trkpt>
      <trkpt lat="46.640611" lon="8.999788">
        <ele>2022.184187</ele>
        <time>2026-09-12T00:26:12.658Z</time>
      </trkpt>
      <trkpt lat="46.640530" lon="8.999704">
        <ele>2025.842775</ele>
        <time>2026-09-12T00:26:57.688Z</time>
      </trkpt>
      <trkpt lat="46.640494" lon="8.999726">
        <ele>2027.279235</ele>
        <time>2026-09-12T00:27:15.809Z</time>
      </trkpt>
      <trkpt lat="46.640454" lon="8.999703">
        <ele>2028.861541</ele>
        <time>2026-09-12T00:27:35.814Z</time>
      </trkpt>
      <trkpt lat="46.640302" lon="8.999716">
        <ele>2034.463896</ele>
        <time>2026-09-12T00:28:46.854Z</time>
      </trkpt>
      <trkpt lat="46.640248" lon="8.999602">
        <ele>2037.962667</ele>
        <time>2026-09-12T00:29:31.360Z</time>
      </trkpt>
      <trkpt lat="46.640174" lon="8.999314">
        <ele>2045.730941</ele>
        <time>2026-09-12T00:31:10.329Z</time>
      </trkpt>
      <trkpt lat="46.640006" lon="8.999253">
        <ele>2051.821530</ele>
        <time>2026-09-12T00:32:29.944Z</time>
      </trkpt>
      <trkpt lat="46.639945" lon="8.999170">
        <ele>2054.658573</ele>
        <time>2026-09-12T00:33:08.089Z</time>
      </trkpt>
      <trkpt lat="46.639779" lon="8.999031">
        <ele>2061.166122</ele>
        <time>2026-09-12T00:34:34.079Z</time>
      </trkpt>
      <trkpt lat="46.639691" lon="8.998843">
        <ele>2066.475437</ele>
        <time>2026-09-12T00:35:42.130Z</time>
      </trkpt>
      <trkpt lat="46.639567" lon="8.998752">
        <ele>2071.194418</ele>
        <time>2026-09-12T00:36:41.143Z</time>
      </trkpt>
      <trkpt lat="46.639479" lon="8.998730">
        <ele>2074.228914</ele>
        <time>2026-09-12T00:37:17.798Z</time>
      </trkpt>
      <trkpt lat="46.639308" lon="8.998833">
        <ele>2080.517875</ele>
        <time>2026-09-12T00:38:31.405Z</time>
      </trkpt>
      <trkpt lat="46.639237" lon="8.998819">
        <ele>2082.952887</ele>
        <time>2026-09-12T00:38:58.712Z</time>
      </trkpt>
      <trkpt lat="46.639204" lon="8.998865">
        <ele>2084.505300</ele>
        <time>2026-09-12T00:39:16.038Z</time>
      </trkpt>
      <trkpt lat="46.639122" lon="8.998839">
        <ele>2087.357417</ele>
        <time>2026-09-12T00:39:47.184Z</time>
      </trkpt>
      <trkpt lat="46.639048" lon="8.998861">
        <ele>2089.924231</ele>
        <time>2026-09-12T00:40:14.656Z</time>
      </trkpt>
      <trkpt lat="46.638937" lon="8.998972">
        <ele>2094.500257</ele>
        <time>2026-09-12T00:41:02.219Z</time>
      </trkpt>
      <trkpt lat="46.638725" lon="8.999345">
        <ele>2105.799283</ele>
        <time>2026-09-12T00:42:50.903Z</time>
      </trkpt>
      <trkpt lat="46.638674" lon="8.999248">
        <ele>2108.650159</ele>
        <time>2026-09-12T00:43:16.112Z</time>
      </trkpt>
      <trkpt lat="46.638669" lon="8.999145">
        <ele>2110.420547</ele>
        <time>2026-09-12T00:43:36.645Z</time>
      </trkpt>
      <trkpt lat="46.638593" lon="8.998913">
        <ele>2113.860518</ele>
        <time>2026-09-12T00:44:25.072Z</time>
      </trkpt>
      <trkpt lat="46.638614" lon="8.998738">
        <ele>2116.237925</ele>
        <time>2026-09-12T00:44:56.872Z</time>
      </trkpt>
      <trkpt lat="46.638376" lon="8.998760">
        <ele>2120.886065</ele>
        <time>2026-09-12T00:45:58.112Z</time>
      </trkpt>
      <trkpt lat="46.638322" lon="8.998826">
        <ele>2122.260063</ele>
        <time>2026-09-12T00:46:16.117Z</time>
      </trkpt>
      <trkpt lat="46.638301" lon="8.998775">
        <ele>2123.055890</ele>
        <time>2026-09-12T00:46:26.396Z</time>
      </trkpt>
      <trkpt lat="46.638263" lon="8.998769">
        <ele>2123.800880</ele>
        <time>2026-09-12T00:46:36.155Z</time>
      </trkpt>
      <trkpt lat="46.638155" lon="8.998855">
        <ele>2126.199961</ele>
        <time>2026-09-12T00:47:06.803Z</time>
      </trkpt>
      <trkpt lat="46.638048" lon="8.998846">
        <ele>2128.288949</ele>
        <time>2026-09-12T00:47:33.293Z</time>
      </trkpt>
      <trkpt lat="46.637984" lon="8.998948">
        <ele>2130.138082</ele>
        <time>2026-09-12T00:47:56.657Z</time>
      </trkpt>
      <trkpt lat="46.637968" lon="8.998924">
        <ele>2130.585752</ele>
        <time>2026-09-12T00:48:02.515Z</time>
      </trkpt>
      <trkpt lat="46.637962" lon="8.998713">
        <ele>2133.411877</ele>
        <time>2026-09-12T00:48:38.517Z</time>
      </trkpt>
      <trkpt lat="46.637876" lon="8.998807">
        <ele>2135.507616</ele>
        <time>2026-09-12T00:49:05.494Z</time>
      </trkpt>
      <trkpt lat="46.637840" lon="8.998896">
        <ele>2136.889978</ele>
        <time>2026-09-12T00:49:23.894Z</time>
      </trkpt>
      <trkpt lat="46.637807" lon="8.998818">
        <ele>2138.116067</ele>
        <time>2026-09-12T00:49:40.322Z</time>
      </trkpt>
      <trkpt lat="46.637757" lon="8.998822">
        <ele>2139.092076</ele>
        <time>2026-09-12T00:49:53.640Z</time>
      </trkpt>
      <trkpt lat="46.637710" lon="8.998867">
        <ele>2140.188361</ele>
        <time>2026-09-12T00:50:08.449Z</time>
      </trkpt>
      <trkpt lat="46.637672" lon="8.998834">
        <ele>2141.050680</ele>
        <time>2026-09-12T00:50:20.165Z</time>
      </trkpt>
      <trkpt lat="46.637697" lon="8.998733">
        <ele>2142.487467</ele>
        <time>2026-09-12T00:50:40.117Z</time>
      </trkpt>
      <trkpt lat="46.637647" lon="8.998725">
        <ele>2143.467869</ele>
        <time>2026-09-12T00:50:54.053Z</time>
      </trkpt>
      <trkpt lat="46.637550" lon="8.998786">
        <ele>2145.146266</ele>
        <time>2026-09-12T00:51:22.854Z</time>
      </trkpt>
      <trkpt lat="46.637501" lon="8.998751">
        <ele>2145.764233</ele>
        <time>2026-09-12T00:51:36.517Z</time>
      </trkpt>
      <trkpt lat="46.637391" lon="8.998514">
        <ele>2147.988297</ele>
        <time>2026-09-12T00:52:21.818Z</time>
      </trkpt>
      <trkpt lat="46.637353" lon="8.998123">
        <ele>2151.058464</ele>
        <time>2026-09-12T00:53:18.242Z</time>
      </trkpt>
      <trkpt lat="46.637281" lon="8.997882">
        <ele>2153.101826</ele>
        <time>2026-09-12T00:53:54.314Z</time>
      </trkpt>
      <trkpt lat="46.637209" lon="8.997795">
        <ele>2154.161147</ele>
        <time>2026-09-12T00:54:12.222Z</time>
      </trkpt>
      <trkpt lat="46.637183" lon="8.997681">
        <ele>2155.095069</ele>
        <time>2026-09-12T00:54:27.951Z</time>
      </trkpt>
      <trkpt lat="46.637091" lon="8.997465">
        <ele>2157.071254</ele>
        <time>2026-09-12T00:55:00.829Z</time>
      </trkpt>
      <trkpt lat="46.637073" lon="8.997473">
        <ele>2157.284349</ele>
        <time>2026-09-12T00:55:04.267Z</time>
      </trkpt>
      <trkpt lat="46.637032" lon="8.997463">
        <ele>2157.755061</ele>
        <time>2026-09-12T00:55:09.695Z</time>
      </trkpt>
      <trkpt lat="46.636918" lon="8.997520">
        <ele>2159.119846</ele>
        <time>2026-09-12T00:55:25.930Z</time>
      </trkpt>
      <trkpt lat="46.636921" lon="8.997666">
        <ele>2160.255455</ele>
        <time>2026-09-12T00:55:39.148Z</time>
      </trkpt>
      <trkpt lat="46.636862" lon="8.997663">
        <ele>2160.923925</ele>
        <time>2026-09-12T00:55:46.885Z</time>
      </trkpt>
      <trkpt lat="46.636833" lon="8.997700">
        <ele>2161.360476</ele>
        <time>2026-09-12T00:55:51.684Z</time>
      </trkpt>
      <trkpt lat="46.636674" lon="8.997651">
        <ele>2163.200713</ele>
        <time>2026-09-12T00:56:19.714Z</time>
      </trkpt>
      <trkpt lat="46.636607" lon="8.997683">
        <ele>2163.999114</ele>
        <time>2026-09-12T00:56:32.019Z</time>
      </trkpt>
      <trkpt lat="46.636530" lon="8.997671">
        <ele>2164.875970</ele>
        <time>2026-09-12T00:56:44.418Z</time>
      </trkpt>
      <trkpt lat="46.636454" lon="8.997811">
        <ele>2164.674294</ele>
        <time>2026-09-12T00:57:03.903Z</time>
      </trkpt>
      <trkpt lat="46.636175" lon="8.998183">
        <ele>2163.635896</ele>
        <time>2026-09-12T00:57:55.898Z</time>
      </trkpt>
      <trkpt lat="46.635979" lon="8.998060">
        <ele>2163.050016</ele>
        <time>2026-09-12T00:58:26.316Z</time>
      </trkpt>
      <trkpt lat="46.635896" lon="8.998075">
        <ele>2162.820419</ele>
        <time>2026-09-12T00:58:38.151Z</time>
      </trkpt>
      <trkpt lat="46.635838" lon="8.998154">
        <ele>2162.602417</ele>
        <time>2026-09-12T00:58:49.165Z</time>
      </trkpt>
      <trkpt lat="46.635586" lon="8.998366">
        <ele>2161.803512</ele>
        <time>2026-09-12T00:59:31.077Z</time>
      </trkpt>
      <trkpt lat="46.635501" lon="8.998577">
        <ele>2161.342393</ele>
        <time>2026-09-12T00:59:55.780Z</time>
      </trkpt>
      <trkpt lat="46.635365" lon="8.998603">
        <ele>2160.965847</ele>
        <time>2026-09-12T01:00:16.525Z</time>
      </trkpt>
      <trkpt lat="46.635414" lon="8.998764">
        <ele>2160.633896</ele>
        <time>2026-09-12T01:00:35.165Z</time>
      </trkpt>
      <trkpt lat="46.635380" lon="8.998949">
        <ele>2160.272906</ele>
        <time>2026-09-12T01:00:55.941Z</time>
      </trkpt>
      <trkpt lat="46.635331" lon="8.998979">
        <ele>2160.126990</ele>
        <time>2026-09-12T01:01:04.232Z</time>
      </trkpt>
      <trkpt lat="46.635342" lon="8.999068">
        <ele>2159.620403</ele>
        <time>2026-09-12T01:01:14.239Z</time>
      </trkpt>
      <trkpt lat="46.635299" lon="8.999242">
        <ele>2157.974013</ele>
        <time>2026-09-12T01:01:34.821Z</time>
      </trkpt>
      <trkpt lat="46.634980" lon="9.000023">
        <ele>2149.883584</ele>
        <time>2026-09-12T01:03:21.923Z</time>
      </trkpt>
      <trkpt lat="46.634971" lon="9.000129">
        <ele>2148.932679</ele>
        <time>2026-09-12T01:03:34.908Z</time>
      </trkpt>
      <trkpt lat="46.634903" lon="9.000228">
        <ele>2147.685990</ele>
        <time>2026-09-12T01:03:51.908Z</time>
      </trkpt>
      <trkpt lat="46.634895" lon="9.000298">
        <ele>2147.054205</ele>
        <time>2026-09-12T01:04:00.612Z</time>
      </trkpt>
      <trkpt lat="46.634822" lon="9.000444">
        <ele>2145.446262</ele>
        <time>2026-09-12T01:04:22.592Z</time>
      </trkpt>
      <trkpt lat="46.634775" lon="9.000454">
        <ele>2144.830393</ele>
        <time>2026-09-12T01:04:31.005Z</time>
      </trkpt>
      <trkpt lat="46.634740" lon="9.000586">
        <ele>2143.570614</ele>
        <time>2026-09-12T01:04:48.232Z</time>
      </trkpt>
      <trkpt lat="46.634508" lon="9.000943">
        <ele>2139.194442</ele>
        <time>2026-09-12T01:05:47.237Z</time>
      </trkpt>
      <trkpt lat="46.634436" lon="9.001207">
        <ele>2136.705865</ele>
        <time>2026-09-12T01:06:20.191Z</time>
      </trkpt>
      <trkpt lat="46.634378" lon="9.001245">
        <ele>2136.434934</ele>
        <time>2026-09-12T01:06:30.697Z</time>
      </trkpt>
      <trkpt lat="46.634362" lon="9.001329">
        <ele>2136.179944</ele>
        <time>2026-09-12T01:06:40.512Z</time>
      </trkpt>
      <trkpt lat="46.634282" lon="9.001501">
        <ele>2135.572261</ele>
        <time>2026-09-12T01:07:03.431Z</time>
      </trkpt>
      <trkpt lat="46.634188" lon="9.001588">
        <ele>2135.097798</ele>
        <time>2026-09-12T01:07:21.053Z</time>
      </trkpt>
      <trkpt lat="46.634117" lon="9.001748">
        <ele>2134.540547</ele>
        <time>2026-09-12T01:07:41.520Z</time>
      </trkpt>
      <trkpt lat="46.634122" lon="9.001933">
        <ele>2133.998976</ele>
        <time>2026-09-12T01:08:01.102Z</time>
      </trkpt>
      <trkpt lat="46.633983" lon="9.002061">
        <ele>2133.298391</ele>
        <time>2026-09-12T01:08:25.822Z</time>
      </trkpt>
      <trkpt lat="46.633940" lon="9.002180">
        <ele>2132.905041</ele>
        <time>2026-09-12T01:08:39.158Z</time>
      </trkpt>
      <trkpt lat="46.633924" lon="9.002300">
        <ele>2132.547466</ele>
        <time>2026-09-12T01:08:48.247Z</time>
      </trkpt>
      <trkpt lat="46.633973" lon="9.002475">
        <ele>2131.994640</ele>
        <time>2026-09-12T01:09:05.360Z</time>
      </trkpt>
      <trkpt lat="46.634009" lon="9.002759">
        <ele>2131.149859</ele>
        <time>2026-09-12T01:09:30.599Z</time>
      </trkpt>
      <trkpt lat="46.633933" lon="9.002791">
        <ele>2130.812839</ele>
        <time>2026-09-12T01:09:40.512Z</time>
      </trkpt>
      <trkpt lat="46.633909" lon="9.002853">
        <ele>2130.604646</ele>
        <time>2026-09-12T01:09:46.816Z</time>
      </trkpt>
      <trkpt lat="46.633853" lon="9.002858">
        <ele>2130.365638</ele>
        <time>2026-09-12T01:09:54.122Z</time>
      </trkpt>
      <trkpt lat="46.633811" lon="9.002932">
        <ele>2130.084803</ele>
        <time>2026-09-12T01:10:02.612Z</time>
      </trkpt>
      <trkpt lat="46.633788" lon="9.003185">
        <ele>2129.338278</ele>
        <time>2026-09-12T01:10:26.030Z</time>
      </trkpt>
      <trkpt lat="46.633731" lon="9.003346">
        <ele>2129.431152</ele>
        <time>2026-09-12T01:10:43.479Z</time>
      </trkpt>
      <trkpt lat="46.633688" lon="9.004011">
        <ele>2132.248323</ele>
        <time>2026-09-12T01:11:48.342Z</time>
      </trkpt>
      <trkpt lat="46.633694" lon="9.004167">
        <ele>2132.907314</ele>
        <time>2026-09-12T01:12:03.745Z</time>
      </trkpt>
      <trkpt lat="46.633718" lon="9.004207">
        <ele>2133.131354</ele>
        <time>2026-09-12T01:12:09.109Z</time>
      </trkpt>
      <trkpt lat="46.633679" lon="9.004330">
        <ele>2133.702767</ele>
        <time>2026-09-12T01:12:22.615Z</time>
      </trkpt>
      <trkpt lat="46.633561" lon="9.004098">
        <ele>2134.920469</ele>
        <time>2026-09-12T01:12:54.153Z</time>
      </trkpt>
      <trkpt lat="46.633561" lon="9.004008">
        <ele>2135.300062</ele>
        <time>2026-09-12T01:13:04.224Z</time>
      </trkpt>
      <trkpt lat="46.633289" lon="9.003593">
        <ele>2137.719774</ele>
        <time>2026-09-12T01:14:10.000Z</time>
      </trkpt>
      <trkpt lat="46.633135" lon="9.003444">
        <ele>2138.855423</ele>
        <time>2026-09-12T01:14:42.360Z</time>
      </trkpt>
      <trkpt lat="46.632921" lon="9.003393">
        <ele>2140.273673</ele>
        <time>2026-09-12T01:15:21.673Z</time>
      </trkpt>
      <trkpt lat="46.632661" lon="9.003095">
        <ele>2144.611643</ele>
        <time>2026-09-12T01:16:25.571Z</time>
      </trkpt>
      <trkpt lat="46.632499" lon="9.003035">
        <ele>2146.803228</ele>
        <time>2026-09-12T01:17:00.837Z</time>
      </trkpt>
      <trkpt lat="46.632438" lon="9.002874">
        <ele>2148.458706</ele>
        <time>2026-09-12T01:17:27.994Z</time>
      </trkpt>
      <trkpt lat="46.632299" lon="9.002780">
        <ele>2150.468035</ele>
        <time>2026-09-12T01:18:01.607Z</time>
      </trkpt>
      <trkpt lat="46.632034" lon="9.002743">
        <ele>2153.958365</ele>
        <time>2026-09-12T01:19:01.013Z</time>
      </trkpt>
      <trkpt lat="46.631829" lon="9.002546">
        <ele>2157.178554</ele>
        <time>2026-09-12T01:19:55.094Z</time>
      </trkpt>
      <trkpt lat="46.631692" lon="9.002615">
        <ele>2159.079141</ele>
        <time>2026-09-12T01:20:26.360Z</time>
      </trkpt>
      <trkpt lat="46.631453" lon="9.002231">
        <ele>2163.740171</ele>
        <time>2026-09-12T01:21:40.850Z</time>
      </trkpt>
      <trkpt lat="46.631362" lon="9.002039">
        <ele>2165.641424</ele>
        <time>2026-09-12T01:22:12.763Z</time>
      </trkpt>
      <trkpt lat="46.631208" lon="9.001901">
        <ele>2167.787408</ele>
        <time>2026-09-12T01:22:47.528Z</time>
      </trkpt>
      <trkpt lat="46.631128" lon="9.001772">
        <ele>2169.203985</ele>
        <time>2026-09-12T01:23:09.888Z</time>
      </trkpt>
      <trkpt lat="46.631120" lon="9.001697">
        <ele>2169.822541</ele>
        <time>2026-09-12T01:23:19.525Z</time>
      </trkpt>
      <trkpt lat="46.631031" lon="9.001647">
        <ele>2170.954671</ele>
        <time>2026-09-12T01:23:37.197Z</time>
      </trkpt>
      <trkpt lat="46.630921" lon="9.001653">
        <ele>2172.261069</ele>
        <time>2026-09-12T01:23:57.291Z</time>
      </trkpt>
      <trkpt lat="46.630842" lon="9.001616">
        <ele>2173.245940</ele>
        <time>2026-09-12T01:24:12.439Z</time>
      </trkpt>
      <trkpt lat="46.630745" lon="9.001650">
        <ele>2174.430017</ele>
        <time>2026-09-12T01:24:30.642Z</time>
      </trkpt>
      <trkpt lat="46.630681" lon="9.001628">
        <ele>2175.210445</ele>
        <time>2026-09-12T01:24:42.625Z</time>
      </trkpt>
      <trkpt lat="46.630500" lon="9.001746">
        <ele>2177.563997</ele>
        <time>2026-09-12T01:25:18.793Z</time>
      </trkpt>
      <trkpt lat="46.630459" lon="9.001739">
        <ele>2178.053918</ele>
        <time>2026-09-12T01:25:26.275Z</time>
      </trkpt>
      <trkpt lat="46.630431" lon="9.001672">
        <ele>2178.693122</ele>
        <time>2026-09-12T01:25:36.123Z</time>
      </trkpt>
      <trkpt lat="46.630022" lon="9.001261">
        <ele>2184.590682</ele>
        <time>2026-09-12T01:27:09.579Z</time>
      </trkpt>
      <trkpt lat="46.629920" lon="9.001288">
        <ele>2186.095989</ele>
        <time>2026-09-12T01:27:30.487Z</time>
      </trkpt>
      <trkpt lat="46.629833" lon="9.001265">
        <ele>2187.514548</ele>
        <time>2026-09-12T01:27:48.773Z</time>
      </trkpt>
      <trkpt lat="46.629382" lon="9.000989">
        <ele>2195.362918</ele>
        <time>2026-09-12T01:29:36.405Z</time>
      </trkpt>
      <trkpt lat="46.629372" lon="9.000959">
        <ele>2195.730307</ele>
        <time>2026-09-12T01:29:41.831Z</time>
      </trkpt>
      <trkpt lat="46.629421" lon="9.000710">
        <ele>2198.583951</ele>
        <time>2026-09-12T01:30:23.857Z</time>
      </trkpt>
      <trkpt lat="46.629523" lon="9.000554">
        <ele>2200.957035</ele>
        <time>2026-09-12T01:30:59.737Z</time>
      </trkpt>
      <trkpt lat="46.629530" lon="9.000484">
        <ele>2201.736356</ele>
        <time>2026-09-12T01:31:11.732Z</time>
      </trkpt>
      <trkpt lat="46.629360" lon="9.000421">
        <ele>2204.550604</ele>
        <time>2026-09-12T01:31:55.541Z</time>
      </trkpt>
      <trkpt lat="46.629339" lon="9.000385">
        <ele>2205.070994</ele>
        <time>2026-09-12T01:32:03.694Z</time>
      </trkpt>
      <trkpt lat="46.629413" lon="9.000194">
        <ele>2207.487037</ele>
        <time>2026-09-12T01:32:42.138Z</time>
      </trkpt>
      <trkpt lat="46.629402" lon="9.000149">
        <ele>2208.013274</ele>
        <time>2026-09-12T01:32:50.650Z</time>
      </trkpt>
      <trkpt lat="46.628629" lon="9.000202">
        <ele>2219.142197</ele>
        <time>2026-09-12T01:36:04.161Z</time>
      </trkpt>
      <trkpt lat="46.628425" lon="9.000332">
        <ele>2222.011377</ele>
        <time>2026-09-12T01:36:53.954Z</time>
      </trkpt>
      <trkpt lat="46.628283" lon="9.000365">
        <ele>2223.864176</ele>
        <time>2026-09-12T01:37:24.148Z</time>
      </trkpt>
      <trkpt lat="46.628235" lon="9.000360">
        <ele>2224.484229</ele>
        <time>2026-09-12T01:37:33.962Z</time>
      </trkpt>
      <trkpt lat="46.628172" lon="9.000279">
        <ele>2225.567103</ele>
        <time>2026-09-12T01:37:50.568Z</time>
      </trkpt>
      <trkpt lat="46.628217" lon="9.000168">
        <ele>2226.707651</ele>
        <time>2026-09-12T01:38:07.722Z</time>
      </trkpt>
      <trkpt lat="46.628187" lon="9.000092">
        <ele>2227.483308</ele>
        <time>2026-09-12T01:38:19.107Z</time>
      </trkpt>
      <trkpt lat="46.627965" lon="9.000079">
        <ele>2230.346052</ele>
        <time>2026-09-12T01:38:59.982Z</time>
      </trkpt>
      <trkpt lat="46.627635" lon="9.000275">
        <ele>2234.938136</ele>
        <time>2026-09-12T01:40:03.526Z</time>
      </trkpt>
      <trkpt lat="46.627537" lon="9.000279">
        <ele>2236.201345</ele>
        <time>2026-09-12T01:40:20.561Z</time>
      </trkpt>
      <trkpt lat="46.627467" lon="9.000326">
        <ele>2237.156417</ele>
        <time>2026-09-12T01:40:33.857Z</time>
      </trkpt>
      <trkpt lat="46.627314" lon="9.000324">
        <ele>2238.522133</ele>
        <time>2026-09-12T01:40:59.864Z</time>
      </trkpt>
      <trkpt lat="46.627247" lon="9.000378">
        <ele>2239.205662</ele>
        <time>2026-09-12T01:41:12.961Z</time>
      </trkpt>
      <trkpt lat="46.627097" lon="9.000362">
        <ele>2240.548133</ele>
        <time>2026-09-12T01:41:38.410Z</time>
      </trkpt>
      <trkpt lat="46.626978" lon="9.000501">
        <ele>2241.909825</ele>
        <time>2026-09-12T01:42:04.423Z</time>
      </trkpt>
      <trkpt lat="46.626940" lon="9.000585">
        <ele>2242.526407</ele>
        <time>2026-09-12T01:42:16.216Z</time>
      </trkpt>
      <trkpt lat="46.626937" lon="9.000671">
        <ele>2243.054251</ele>
        <time>2026-09-12T01:42:26.196Z</time>
      </trkpt>
      <trkpt lat="46.626892" lon="9.000722">
        <ele>2243.563237</ele>
        <time>2026-09-12T01:42:35.995Z</time>
      </trkpt>
      <trkpt lat="46.626683" lon="9.000766">
        <ele>2245.448144</ele>
        <time>2026-09-12T01:43:12.283Z</time>
      </trkpt>
      <trkpt lat="46.626574" lon="9.000822">
        <ele>2246.479848</ele>
        <time>2026-09-12T01:43:32.531Z</time>
      </trkpt>
      <trkpt lat="46.626445" lon="9.000850">
        <ele>2247.644010</ele>
        <time>2026-09-12T01:43:55.490Z</time>
      </trkpt>
      <trkpt lat="46.626240" lon="9.000771">
        <ele>2249.536813</ele>
        <time>2026-09-12T01:44:33.898Z</time>
      </trkpt>
      <trkpt lat="46.626007" lon="9.000770">
        <ele>2251.616555</ele>
        <time>2026-09-12T01:45:16.569Z</time>
      </trkpt>
      <trkpt lat="46.625889" lon="9.000697">
        <ele>2252.760928</ele>
        <time>2026-09-12T01:45:40.069Z</time>
      </trkpt>
      <trkpt lat="46.625713" lon="9.000853">
        <ele>2253.641262</ele>
        <time>2026-09-12T01:46:17.638Z</time>
      </trkpt>
      <trkpt lat="46.625578" lon="9.000922">
        <ele>2254.088266</ele>
        <time>2026-09-12T01:46:43.405Z</time>
      </trkpt>
      <trkpt lat="46.625531" lon="9.001055">
        <ele>2254.409197</ele>
        <time>2026-09-12T01:47:01.814Z</time>
      </trkpt>
      <trkpt lat="46.625552" lon="9.001188">
        <ele>2254.702011</ele>
        <time>2026-09-12T01:47:18.286Z</time>
      </trkpt>
      <trkpt lat="46.625502" lon="9.001347">
        <ele>2255.077230</ele>
        <time>2026-09-12T01:47:39.135Z</time>
      </trkpt>
      <trkpt lat="46.625435" lon="9.001432">
        <ele>2255.354861</ele>
        <time>2026-09-12T01:47:54.270Z</time>
      </trkpt>
      <trkpt lat="46.625435" lon="9.001681">
        <ele>2255.889123</ele>
        <time>2026-09-12T01:48:22.189Z</time>
      </trkpt>
      <trkpt lat="46.625503" lon="9.001677">
        <ele>2256.101746</ele>
        <time>2026-09-12T01:48:32.888Z</time>
      </trkpt>
      <trkpt lat="46.625483" lon="9.001769">
        <ele>2256.308798</ele>
        <time>2026-09-12T01:48:43.074Z</time>
      </trkpt>
      <trkpt lat="46.625240" lon="9.002085">
        <ele>2257.326683</ele>
        <time>2026-09-12T01:49:28.462Z</time>
      </trkpt>
      <trkpt lat="46.625053" lon="9.002125">
        <ele>2257.917190</ele>
        <time>2026-09-12T01:49:55.428Z</time>
      </trkpt>
      <trkpt lat="46.624836" lon="9.002083">
        <ele>2258.601117</ele>
        <time>2026-09-12T01:50:27.836Z</time>
      </trkpt>
      <trkpt lat="46.624586" lon="9.001946">
        <ele>2257.076442</ele>
        <time>2026-09-12T01:51:09.255Z</time>
      </trkpt>
      <trkpt lat="46.624478" lon="9.001851">
        <ele>2256.125306</ele>
        <time>2026-09-12T01:51:29.311Z</time>
      </trkpt>
      <trkpt lat="46.624276" lon="9.001864">
        <ele>2254.601125</ele>
        <time>2026-09-12T01:52:01.994Z</time>
      </trkpt>
      <trkpt lat="46.624172" lon="9.001808">
        <ele>2253.765276</ele>
        <time>2026-09-12T01:52:19.997Z</time>
      </trkpt>
      <trkpt lat="46.624081" lon="9.001577">
        <ele>2252.386615</ele>
        <time>2026-09-12T01:52:49.854Z</time>
      </trkpt>
      <trkpt lat="46.623864" lon="9.001259">
        <ele>2250.065834</ele>
        <time>2026-09-12T01:53:39.832Z</time>
      </trkpt>
      <trkpt lat="46.623863" lon="9.001207">
        <ele>2249.796522</ele>
        <time>2026-09-12T01:53:45.487Z</time>
      </trkpt>
      <trkpt lat="46.623668" lon="9.000868">
        <ele>2247.507246</ele>
        <time>2026-09-12T01:54:33.367Z</time>
      </trkpt>
      <trkpt lat="46.623595" lon="9.000516">
        <ele>2245.603648</ele>
        <time>2026-09-12T01:55:11.650Z</time>
      </trkpt>
      <trkpt lat="46.623525" lon="9.000398">
        <ele>2244.954679</ele>
        <time>2026-09-12T01:55:27.393Z</time>
      </trkpt>
      <trkpt lat="46.623428" lon="9.000393">
        <ele>2244.520219</ele>
        <time>2026-09-12T01:55:41.495Z</time>
      </trkpt>
      <trkpt lat="46.623062" lon="9.000040">
        <ele>2242.555126</ele>
        <time>2026-09-12T01:56:44.650Z</time>
      </trkpt>
      <trkpt lat="46.622914" lon="8.999622">
        <ele>2241.109393</ele>
        <time>2026-09-12T01:57:31.740Z</time>
      </trkpt>
      <trkpt lat="46.622862" lon="8.999542">
        <ele>2240.770774</ele>
        <time>2026-09-12T01:57:42.775Z</time>
      </trkpt>
      <trkpt lat="46.622783" lon="8.999703">
        <ele>2240.162481</ele>
        <time>2026-09-12T01:58:02.762Z</time>
      </trkpt>
      <trkpt lat="46.622679" lon="8.999799">
        <ele>2239.611293</ele>
        <time>2026-09-12T01:58:20.836Z</time>
      </trkpt>
      <trkpt lat="46.622640" lon="8.999904">
        <ele>2239.244318</ele>
        <time>2026-09-12T01:58:32.931Z</time>
      </trkpt>
      <trkpt lat="46.622584" lon="8.999958">
        <ele>2238.943665</ele>
        <time>2026-09-12T01:58:42.949Z</time>
      </trkpt>
      <trkpt lat="46.622470" lon="8.999987">
        <ele>2238.425653</ele>
        <time>2026-09-12T01:59:00.056Z</time>
      </trkpt>
      <trkpt lat="46.622005" lon="8.999875">
        <ele>2237.005162</ele>
        <time>2026-09-12T02:00:10.454Z</time>
      </trkpt>
      <trkpt lat="46.621796" lon="8.999717">
        <ele>2236.838042</ele>
        <time>2026-09-12T02:00:45.155Z</time>
      </trkpt>
      <trkpt lat="46.621554" lon="8.999444">
        <ele>2236.620787</ele>
        <time>2026-09-12T02:01:29.513Z</time>
      </trkpt>
      <trkpt lat="46.621408" lon="8.999190">
        <ele>2236.459350</ele>
        <time>2026-09-12T02:02:01.497Z</time>
      </trkpt>
      <trkpt lat="46.621349" lon="8.998978">
        <ele>2236.347859</ele>
        <time>2026-09-12T02:02:22.966Z</time>
      </trkpt>
      <trkpt lat="46.621263" lon="8.998798">
        <ele>2236.240985</ele>
        <time>2026-09-12T02:02:43.941Z</time>
      </trkpt>
      <trkpt lat="46.620961" lon="8.998383">
        <ele>2235.946286</ele>
        <time>2026-09-12T02:03:45.773Z</time>
      </trkpt>
      <trkpt lat="46.620692" lon="8.998089">
        <ele>2236.744433</ele>
        <time>2026-09-12T02:04:38.961Z</time>
      </trkpt>
      <trkpt lat="46.620465" lon="8.997760">
        <ele>2238.077886</ele>
        <time>2026-09-12T02:05:30.701Z</time>
      </trkpt>
      <trkpt lat="46.620419" lon="8.997536">
        <ele>2238.746408</ele>
        <time>2026-09-12T02:05:56.605Z</time>
      </trkpt>
      <trkpt lat="46.620343" lon="8.997369">
        <ele>2239.319238</ele>
        <time>2026-09-12T02:06:18.658Z</time>
      </trkpt>
      <trkpt lat="46.620108" lon="8.997250">
        <ele>2240.355072</ele>
        <time>2026-09-12T02:06:57.814Z</time>
      </trkpt>
      <trkpt lat="46.619993" lon="8.997072">
        <ele>2241.053838</ele>
        <time>2026-09-12T02:07:23.826Z</time>
      </trkpt>
      <trkpt lat="46.619926" lon="8.997015">
        <ele>2241.376899</ele>
        <time>2026-09-12T02:07:35.892Z</time>
      </trkpt>
      <trkpt lat="46.619906" lon="8.996953">
        <ele>2241.572763</ele>
        <time>2026-09-12T02:07:43.089Z</time>
      </trkpt>
      <trkpt lat="46.619783" lon="8.996816">
        <ele>2242.217495</ele>
        <time>2026-09-12T02:08:06.691Z</time>
      </trkpt>
      <trkpt lat="46.619771" lon="8.996719">
        <ele>2242.499323</ele>
        <time>2026-09-12T02:08:16.801Z</time>
      </trkpt>
      <trkpt lat="46.619656" lon="8.996521">
        <ele>2243.240783</ele>
        <time>2026-09-12T02:08:43.319Z</time>
      </trkpt>
      <trkpt lat="46.619649" lon="8.996428">
        <ele>2243.386462</ele>
        <time>2026-09-12T02:08:52.849Z</time>
      </trkpt>
      <trkpt lat="46.619589" lon="8.996245">
        <ele>2243.529185</ele>
        <time>2026-09-12T02:09:13.369Z</time>
      </trkpt>
      <trkpt lat="46.619531" lon="8.996189">
        <ele>2243.600501</ele>
        <time>2026-09-12T02:09:23.485Z</time>
      </trkpt>
      <trkpt lat="46.619477" lon="8.996062">
        <ele>2243.705630</ele>
        <time>2026-09-12T02:09:38.530Z</time>
      </trkpt>
      <trkpt lat="46.619403" lon="8.995992">
        <ele>2243.796060</ele>
        <time>2026-09-12T02:09:51.304Z</time>
      </trkpt>
      <trkpt lat="46.619355" lon="8.995744">
        <ele>2243.977408</ele>
        <time>2026-09-12T02:10:16.405Z</time>
      </trkpt>
      <trkpt lat="46.619251" lon="8.995599">
        <ele>2244.124966</ele>
        <time>2026-09-12T02:10:36.821Z</time>
      </trkpt>
      <trkpt lat="46.619121" lon="8.995181">
        <ele>2244.447924</ele>
        <time>2026-09-12T02:11:21.332Z</time>
      </trkpt>
      <trkpt lat="46.618918" lon="8.994869">
        <ele>2244.750406</ele>
        <time>2026-09-12T02:12:02.451Z</time>
      </trkpt>
      <trkpt lat="46.618860" lon="8.994820">
        <ele>2244.819123</ele>
        <time>2026-09-12T02:12:11.770Z</time>
      </trkpt>
      <trkpt lat="46.618727" lon="8.994540">
        <ele>2245.058734</ele>
        <time>2026-09-12T02:12:43.405Z</time>
      </trkpt>
      <trkpt lat="46.618615" lon="8.994423">
        <ele>2245.141386</ele>
        <time>2026-09-12T02:13:02.270Z</time>
      </trkpt>
      <trkpt lat="46.618534" lon="8.994414">
        <ele>2244.745185</ele>
        <time>2026-09-12T02:13:12.599Z</time>
      </trkpt>
      <trkpt lat="46.618491" lon="8.994368">
        <ele>2244.484940</ele>
        <time>2026-09-12T02:13:19.459Z</time>
      </trkpt>
      <trkpt lat="46.618306" lon="8.994288">
        <ele>2243.543702</ele>
        <time>2026-09-12T02:13:44.538Z</time>
      </trkpt>
      <trkpt lat="46.618220" lon="8.994158">
        <ele>2242.939070</ele>
        <time>2026-09-12T02:14:00.908Z</time>
      </trkpt>
      <trkpt lat="46.618087" lon="8.994084">
        <ele>2242.244650</ele>
        <time>2026-09-12T02:14:20.033Z</time>
      </trkpt>
      <trkpt lat="46.617993" lon="8.994101">
        <ele>2241.782671</ele>
        <time>2026-09-12T02:14:32.906Z</time>
      </trkpt>
      <trkpt lat="46.617979" lon="8.994186">
        <ele>2241.489854</ele>
        <time>2026-09-12T02:14:41.166Z</time>
      </trkpt>
      <trkpt lat="46.617952" lon="8.994212">
        <ele>2241.331971</ele>
        <time>2026-09-12T02:14:45.674Z</time>
      </trkpt>
      <trkpt lat="46.617952" lon="8.994302">
        <ele>2241.030476</ele>
        <time>2026-09-12T02:14:54.183Z</time>
      </trkpt>
      <trkpt lat="46.617929" lon="8.994325">
        <ele>2240.894389</ele>
        <time>2026-09-12T02:14:58.092Z</time>
      </trkpt>
      <trkpt lat="46.617843" lon="8.994290">
        <ele>2240.458871</ele>
        <time>2026-09-12T02:15:10.665Z</time>
      </trkpt>
      <trkpt lat="46.617728" lon="8.994309">
        <ele>2239.894395</ele>
        <time>2026-09-12T02:15:26.893Z</time>
      </trkpt>
      <trkpt lat="46.617654" lon="8.994282">
        <ele>2239.522322</ele>
        <time>2026-09-12T02:15:37.778Z</time>
      </trkpt>
      <trkpt lat="46.617531" lon="8.994329">
        <ele>2238.902110</ele>
        <time>2026-09-12T02:15:55.969Z</time>
      </trkpt>
      <trkpt lat="46.617336" lon="8.994318">
        <ele>2237.950345</ele>
        <time>2026-09-12T02:16:24.148Z</time>
      </trkpt>
      <trkpt lat="46.617125" lon="8.994260">
        <ele>2236.903077</ele>
        <time>2026-09-12T02:16:55.286Z</time>
      </trkpt>
      <trkpt lat="46.616946" lon="8.994446">
        <ele>2235.909102</ele>
        <time>2026-09-12T02:17:27.235Z</time>
      </trkpt>
      <trkpt lat="46.616910" lon="8.994572">
        <ele>2235.513153</ele>
        <time>2026-09-12T02:17:40.755Z</time>
      </trkpt>
      <trkpt lat="46.616874" lon="8.994618">
        <ele>2235.310821</ele>
        <time>2026-09-12T02:17:47.628Z</time>
      </trkpt>
      <trkpt lat="46.616748" lon="8.994613">
        <ele>2234.778382</ele>
        <time>2026-09-12T02:18:05.656Z</time>
      </trkpt>
      <trkpt lat="46.616614" lon="8.994530">
        <ele>2234.163248</ele>
        <time>2026-09-12T02:18:26.410Z</time>
      </trkpt>
      <trkpt lat="46.616458" lon="8.994630">
        <ele>2233.443234</ele>
        <time>2026-09-12T02:18:50.359Z</time>
      </trkpt>
      <trkpt lat="46.616431" lon="8.994679">
        <ele>2233.260969</ele>
        <time>2026-09-12T02:18:56.383Z</time>
      </trkpt>
      <trkpt lat="46.616420" lon="8.994819">
        <ele>2232.852114</ele>
        <time>2026-09-12T02:19:09.788Z</time>
      </trkpt>
      <trkpt lat="46.616172" lon="8.994857">
        <ele>2231.798741</ele>
        <time>2026-09-12T02:19:43.947Z</time>
      </trkpt>
      <trkpt lat="46.616046" lon="8.994968">
        <ele>2231.176642</ele>
        <time>2026-09-12T02:20:03.666Z</time>
      </trkpt>
      <trkpt lat="46.616018" lon="8.995044">
        <ele>2230.926412</ele>
        <time>2026-09-12T02:20:11.571Z</time>
      </trkpt>
      <trkpt lat="46.615931" lon="8.994985">
        <ele>2230.520996</ele>
        <time>2026-09-12T02:20:24.201Z</time>
      </trkpt>
      <trkpt lat="46.615823" lon="8.994990">
        <ele>2230.064559</ele>
        <time>2026-09-12T02:20:38.275Z</time>
      </trkpt>
      <trkpt lat="46.615789" lon="8.995034">
        <ele>2229.872399</ele>
        <time>2026-09-12T02:20:44.286Z</time>
      </trkpt>
      <trkpt lat="46.615723" lon="8.995038">
        <ele>2229.593364</ele>
        <time>2026-09-12T02:20:52.758Z</time>
      </trkpt>
      <trkpt lat="46.615318" lon="8.994984">
        <ele>2229.993076</ele>
        <time>2026-09-12T02:21:44.242Z</time>
      </trkpt>
      <trkpt lat="46.615208" lon="8.995020">
        <ele>2230.584787</ele>
        <time>2026-09-12T02:21:59.253Z</time>
      </trkpt>
      <trkpt lat="46.615055" lon="8.995250">
        <ele>2231.739019</ele>
        <time>2026-09-12T02:22:29.046Z</time>
      </trkpt>
      <trkpt lat="46.614761" lon="8.995262">
        <ele>2233.282600</ele>
        <time>2026-09-12T02:23:11.171Z</time>
      </trkpt>
      <trkpt lat="46.614668" lon="8.995340">
        <ele>2233.845888</ele>
        <time>2026-09-12T02:23:27.171Z</time>
      </trkpt>
      <trkpt lat="46.614565" lon="8.995388">
        <ele>2234.413474</ele>
        <time>2026-09-12T02:23:43.602Z</time>
      </trkpt>
      <trkpt lat="46.614525" lon="8.995384">
        <ele>2234.623898</ele>
        <time>2026-09-12T02:23:49.770Z</time>
      </trkpt>
      <trkpt lat="46.614403" lon="8.995180">
        <ele>2235.598992</ele>
        <time>2026-09-12T02:24:18.720Z</time>
      </trkpt>
      <trkpt lat="46.614357" lon="8.995166">
        <ele>2235.845629</ele>
        <time>2026-09-12T02:24:26.319Z</time>
      </trkpt>
      <trkpt lat="46.614164" lon="8.995253">
        <ele>2236.905980</ele>
        <time>2026-09-12T02:24:59.038Z</time>
      </trkpt>
      <trkpt lat="46.614058" lon="8.995350">
        <ele>2237.563068</ele>
        <time>2026-09-12T02:25:19.783Z</time>
      </trkpt>
      <trkpt lat="46.613896" lon="8.995359">
        <ele>2238.541398</ele>
        <time>2026-09-12T02:25:47.074Z</time>
      </trkpt>
      <trkpt lat="46.613620" lon="8.995659">
        <ele>2241.841382</ele>
        <time>2026-09-12T02:26:46.847Z</time>
      </trkpt>
      <trkpt lat="46.613508" lon="8.995650">
        <ele>2242.916040</ele>
        <time>2026-09-12T02:27:06.252Z</time>
      </trkpt>
      <trkpt lat="46.613267" lon="8.995430">
        <ele>2245.641353</ele>
        <time>2026-09-12T02:27:55.163Z</time>
      </trkpt>
      <trkpt lat="46.613083" lon="8.995394">
        <ele>2247.420029</ele>
        <time>2026-09-12T02:28:27.372Z</time>
      </trkpt>
      <trkpt lat="46.613015" lon="8.995599">
        <ele>2248.918218</ele>
        <time>2026-09-12T02:28:54.079Z</time>
      </trkpt>
      <trkpt lat="46.612975" lon="8.995507">
        <ele>2249.634769</ele>
        <time>2026-09-12T02:29:06.730Z</time>
      </trkpt>
      <trkpt lat="46.612775" lon="8.995421">
        <ele>2251.632725</ele>
        <time>2026-09-12T02:29:41.469Z</time>
      </trkpt>
      <trkpt lat="46.612713" lon="8.995459">
        <ele>2252.277219</ele>
        <time>2026-09-12T02:29:52.413Z</time>
      </trkpt>
      <trkpt lat="46.612681" lon="8.995572">
        <ele>2253.081604</ele>
        <time>2026-09-12T02:30:06.063Z</time>
      </trkpt>
      <trkpt lat="46.612645" lon="8.995608">
        <ele>2253.500040</ele>
        <time>2026-09-12T02:30:13.087Z</time>
      </trkpt>
      <trkpt lat="46.612519" lon="8.995631">
        <ele>2254.716646</ele>
        <time>2026-09-12T02:30:33.316Z</time>
      </trkpt>
      <trkpt lat="46.611993" lon="8.995355">
        <ele>2256.476204</ele>
        <time>2026-09-12T02:31:56.806Z</time>
      </trkpt>
      <trkpt lat="46.611834" lon="8.995459">
        <ele>2256.835116</ele>
        <time>2026-09-12T02:32:21.008Z</time>
      </trkpt>
      <trkpt lat="46.611684" lon="8.995888">
        <ele>2257.515979</ele>
        <time>2026-09-12T02:33:08.614Z</time>
      </trkpt>
      <trkpt lat="46.611652" lon="8.995904">
        <ele>2257.585646</ele>
        <time>2026-09-12T02:33:13.367Z</time>
      </trkpt>
      <trkpt lat="46.611582" lon="8.995899">
        <ele>2257.729950</ele>
        <time>2026-09-12T02:33:22.908Z</time>
      </trkpt>
      <trkpt lat="46.611316" lon="8.995748">
        <ele>2258.317816</ele>
        <time>2026-09-12T02:34:01.737Z</time>
      </trkpt>
      <trkpt lat="46.611256" lon="8.995752">
        <ele>2258.441486</ele>
        <time>2026-09-12T02:34:09.921Z</time>
      </trkpt>
      <trkpt lat="46.610898" lon="8.996079">
        <ele>2259.146498</ele>
        <time>2026-09-12T02:35:09.313Z</time>
      </trkpt>
      <trkpt lat="46.610761" lon="8.996103">
        <ele>2259.028738</ele>
        <time>2026-09-12T02:35:28.901Z</time>
      </trkpt>
      <trkpt lat="46.610450" lon="8.995890">
        <ele>2258.735422</ele>
        <time>2026-09-12T02:36:17.543Z</time>
      </trkpt>
      <trkpt lat="46.610352" lon="8.995911">
        <ele>2258.650887</ele>
        <time>2026-09-12T02:36:31.393Z</time>
      </trkpt>
      <trkpt lat="46.610196" lon="8.996178">
        <ele>2258.445399</ele>
        <time>2026-09-12T02:37:04.969Z</time>
      </trkpt>
      <trkpt lat="46.610137" lon="8.996358">
        <ele>2258.328476</ele>
        <time>2026-09-12T02:37:23.910Z</time>
      </trkpt>
      <trkpt lat="46.610033" lon="8.996524">
        <ele>2258.196764</ele>
        <time>2026-09-12T02:37:45.074Z</time>
      </trkpt>
      <trkpt lat="46.610008" lon="8.996914">
        <ele>2257.967131</ele>
        <time>2026-09-12T02:38:21.610Z</time>
      </trkpt>
      <trkpt lat="46.609944" lon="8.997124">
        <ele>2257.832446</ele>
        <time>2026-09-12T02:38:43.148Z</time>
      </trkpt>
      <trkpt lat="46.609827" lon="8.997376">
        <ele>2257.662424</ele>
        <time>2026-09-12T02:39:11.921Z</time>
      </trkpt>
      <trkpt lat="46.609736" lon="8.997677">
        <ele>2257.745018</ele>
        <time>2026-09-12T02:39:43.553Z</time>
      </trkpt>
      <trkpt lat="46.609329" lon="8.998530">
        <ele>2258.005860</ele>
        <time>2026-09-12T02:41:23.850Z</time>
      </trkpt>
      <trkpt lat="46.609114" lon="8.998927">
        <ele>2258.132827</ele>
        <time>2026-09-12T02:42:11.370Z</time>
      </trkpt>
      <trkpt lat="46.609020" lon="8.999176">
        <ele>2258.204186</ele>
        <time>2026-09-12T02:42:37.865Z</time>
      </trkpt>
      <trkpt lat="46.608800" lon="8.999555">
        <ele>2258.273756</ele>
        <time>2026-09-12T02:43:24.280Z</time>
      </trkpt>
      <trkpt lat="46.608322" lon="9.000034">
        <ele>2257.450782</ele>
        <time>2026-09-12T02:44:43.883Z</time>
      </trkpt>
      <trkpt lat="46.608163" lon="9.000187">
        <ele>2257.180481</ele>
        <time>2026-09-12T02:45:10.163Z</time>
      </trkpt>
      <trkpt lat="46.607619" lon="9.000558">
        <ele>2256.328534</ele>
        <time>2026-09-12T02:46:34.000Z</time>
      </trkpt>
      <trkpt lat="46.607191" lon="9.000733">
        <ele>2255.619530</ele>
        <time>2026-09-12T02:47:36.719Z</time>
      </trkpt>
      <trkpt lat="46.606661" lon="9.000887">
        <ele>2253.976852</ele>
        <time>2026-09-12T02:48:54.321Z</time>
      </trkpt>
      <trkpt lat="46.606304" lon="9.001047">
        <ele>2252.841507</ele>
        <time>2026-09-12T02:49:48.637Z</time>
      </trkpt>
      <trkpt lat="46.606250" lon="9.001110">
        <ele>2252.631164</ele>
        <time>2026-09-12T02:49:58.643Z</time>
      </trkpt>
      <trkpt lat="46.606232" lon="9.001205">
        <ele>2252.425387</ele>
        <time>2026-09-12T02:50:08.462Z</time>
      </trkpt>
      <trkpt lat="46.606124" lon="9.001273">
        <ele>2252.067735</ele>
        <time>2026-09-12T02:50:25.610Z</time>
      </trkpt>
      <trkpt lat="46.606063" lon="9.001365">
        <ele>2251.800752</ele>
        <time>2026-09-12T02:50:38.306Z</time>
      </trkpt>
      <trkpt lat="46.605759" lon="9.001347">
        <ele>2250.876002</ele>
        <time>2026-09-12T02:51:22.201Z</time>
      </trkpt>
      <trkpt lat="46.605709" lon="9.001371">
        <ele>2250.715981</ele>
        <time>2026-09-12T02:51:29.732Z</time>
      </trkpt>
      <trkpt lat="46.605634" lon="9.001526">
        <ele>2250.320102</ele>
        <time>2026-09-12T02:51:48.428Z</time>
      </trkpt>
      <trkpt lat="46.605527" lon="9.001895">
        <ele>2250.194983</ele>
        <time>2026-09-12T02:52:27.589Z</time>
      </trkpt>
      <trkpt lat="46.605446" lon="9.002026">
        <ele>2250.147659</ele>
        <time>2026-09-12T02:52:44.709Z</time>
      </trkpt>
      <trkpt lat="46.605291" lon="9.002192">
        <ele>2250.072447</ele>
        <time>2026-09-12T02:53:11.758Z</time>
      </trkpt>
      <trkpt lat="46.605167" lon="9.002250">
        <ele>2250.021541</ele>
        <time>2026-09-12T02:53:29.735Z</time>
      </trkpt>
      <trkpt lat="46.605027" lon="9.002368">
        <ele>2249.958311</ele>
        <time>2026-09-12T02:53:51.969Z</time>
      </trkpt>
      <trkpt lat="46.604664" lon="9.002735">
        <ele>2249.785567</ele>
        <time>2026-09-12T02:54:52.492Z</time>
      </trkpt>
      <trkpt lat="46.604398" lon="9.003013">
        <ele>2249.657578</ele>
        <time>2026-09-12T02:55:39.247Z</time>
      </trkpt>
      <trkpt lat="46.604279" lon="9.003226">
        <ele>2249.610095</ele>
        <time>2026-09-12T02:56:06.712Z</time>
      </trkpt>
      <trkpt lat="46.603978" lon="9.003327">
        <ele>2249.731380</ele>
        <time>2026-09-12T02:56:51.419Z</time>
      </trkpt>
      <trkpt lat="46.603754" lon="9.003525">
        <ele>2249.834279</ele>
        <time>2026-09-12T02:57:29.049Z</time>
      </trkpt>
      <trkpt lat="46.603619" lon="9.003525">
        <ele>2249.887286</ele>
        <time>2026-09-12T02:57:48.278Z</time>
      </trkpt>
      <trkpt lat="46.603445" lon="9.003678">
        <ele>2249.967104</ele>
        <time>2026-09-12T02:58:17.010Z</time>
      </trkpt>
      <trkpt lat="46.603395" lon="9.003668">
        <ele>2249.986921</ele>
        <time>2026-09-12T02:58:24.138Z</time>
      </trkpt>
      <trkpt lat="46.603299" lon="9.003558">
        <ele>2250.034893</ele>
        <time>2026-09-12T02:58:40.915Z</time>
      </trkpt>
      <trkpt lat="46.603198" lon="9.003568">
        <ele>2250.074641</ele>
        <time>2026-09-12T02:58:54.704Z</time>
      </trkpt>
      <trkpt lat="46.603117" lon="9.003609">
        <ele>2250.108314</ele>
        <time>2026-09-12T02:59:06.392Z</time>
      </trkpt>
      <trkpt lat="46.602924" lon="9.003791">
        <ele>2250.198608</ele>
        <time>2026-09-12T02:59:38.066Z</time>
      </trkpt>
      <trkpt lat="46.602691" lon="9.004165">
        <ele>2250.285826</ele>
        <time>2026-09-12T03:00:26.816Z</time>
      </trkpt>
      <trkpt lat="46.602651" lon="9.004283">
        <ele>2250.266370</ele>
        <time>2026-09-12T03:00:39.689Z</time>
      </trkpt>
      <trkpt lat="46.602607" lon="9.004640">
        <ele>2250.212740</ele>
        <time>2026-09-12T03:01:15.013Z</time>
      </trkpt>
      <trkpt lat="46.602578" lon="9.004715">
        <ele>2250.200014</ele>
        <time>2026-09-12T03:01:23.326Z</time>
      </trkpt>
      <trkpt lat="46.602239" lon="9.005048">
        <ele>2250.111994</ele>
        <time>2026-09-12T03:02:20.528Z</time>
      </trkpt>
      <trkpt lat="46.601872" lon="9.005092">
        <ele>2250.032742</ele>
        <time>2026-09-12T03:03:10.530Z</time>
      </trkpt>
      <trkpt lat="46.600772" lon="9.005596">
        <ele>2250.377232</ele>
        <time>2026-09-12T03:05:58.747Z</time>
      </trkpt>
      <trkpt lat="46.600529" lon="9.005553">
        <ele>2250.561963</ele>
        <time>2026-09-12T03:06:34.656Z</time>
      </trkpt>
      <trkpt lat="46.600427" lon="9.005606">
        <ele>2250.643696</ele>
        <time>2026-09-12T03:06:50.217Z</time>
      </trkpt>
      <trkpt lat="46.600157" lon="9.005663">
        <ele>2250.849584</ele>
        <time>2026-09-12T03:07:28.431Z</time>
      </trkpt>
      <trkpt lat="46.599882" lon="9.005526">
        <ele>2251.068935</ele>
        <time>2026-09-12T03:08:07.954Z</time>
      </trkpt>
      <trkpt lat="46.599828" lon="9.005462">
        <ele>2251.121488</ele>
        <time>2026-09-12T03:08:17.485Z</time>
      </trkpt>
      <trkpt lat="46.599765" lon="9.005267">
        <ele>2251.233218</ele>
        <time>2026-09-12T03:08:38.015Z</time>
      </trkpt>
      <trkpt lat="46.599670" lon="9.005363">
        <ele>2251.012778</ele>
        <time>2026-09-12T03:08:54.186Z</time>
      </trkpt>
      <trkpt lat="46.599368" lon="9.005516">
        <ele>2249.676798</ele>
        <time>2026-09-12T03:09:40.063Z</time>
      </trkpt>
      <trkpt lat="46.598720" lon="9.005993">
        <ele>2246.642945</ele>
        <time>2026-09-12T03:11:26.911Z</time>
      </trkpt>
      <trkpt lat="46.598575" lon="9.006014">
        <ele>2246.034159</ele>
        <time>2026-09-12T03:11:48.581Z</time>
      </trkpt>
      <trkpt lat="46.598506" lon="9.005972">
        <ele>2245.721687</ele>
        <time>2026-09-12T03:11:59.678Z</time>
      </trkpt>
      <trkpt lat="46.598389" lon="9.005972">
        <ele>2245.232874</ele>
        <time>2026-09-12T03:12:16.941Z</time>
      </trkpt>
      <trkpt lat="46.598211" lon="9.006046">
        <ele>2244.459465</ele>
        <time>2026-09-12T03:12:44.487Z</time>
      </trkpt>
      <trkpt lat="46.598073" lon="9.006030">
        <ele>2243.881089</ele>
        <time>2026-09-12T03:13:05.235Z</time>
      </trkpt>
      <trkpt lat="46.598014" lon="9.006078">
        <ele>2243.294320</ele>
        <time>2026-09-12T03:13:15.306Z</time>
      </trkpt>
      <trkpt lat="46.597814" lon="9.006046">
        <ele>2240.856503</ele>
        <time>2026-09-12T03:13:45.908Z</time>
      </trkpt>
      <trkpt lat="46.597665" lon="9.006062">
        <ele>2239.046299</ele>
        <time>2026-09-12T03:14:08.905Z</time>
      </trkpt>
      <trkpt lat="46.597618" lon="9.006125">
        <ele>2238.272112</ele>
        <time>2026-09-12T03:14:18.905Z</time>
      </trkpt>
      <trkpt lat="46.597502" lon="9.006070">
        <ele>2236.793940</ele>
        <time>2026-09-12T03:14:37.924Z</time>
      </trkpt>
      <trkpt lat="46.597323" lon="9.006189">
        <ele>2234.409597</ele>
        <time>2026-09-12T03:15:09.395Z</time>
      </trkpt>
      <trkpt lat="46.597185" lon="9.006417">
        <ele>2231.880045</ele>
        <time>2026-09-12T03:15:43.490Z</time>
      </trkpt>
      <trkpt lat="46.596748" lon="9.006787">
        <ele>2225.754465</ele>
        <time>2026-09-12T03:17:10.235Z</time>
      </trkpt>
      <trkpt lat="46.596686" lon="9.006772">
        <ele>2224.992958</ele>
        <time>2026-09-12T03:17:21.502Z</time>
      </trkpt>
      <trkpt lat="46.596573" lon="9.006846">
        <ele>2223.491615</ele>
        <time>2026-09-12T03:17:44.357Z</time>
      </trkpt>
      <trkpt lat="46.596180" lon="9.006893">
        <ele>2216.808517</ele>
        <time>2026-09-12T03:19:06.291Z</time>
      </trkpt>
      <trkpt lat="46.596043" lon="9.006881">
        <ele>2214.171400</ele>
        <time>2026-09-12T03:19:36.303Z</time>
      </trkpt>
      <trkpt lat="46.595995" lon="9.006848">
        <ele>2213.151382</ele>
        <time>2026-09-12T03:19:47.829Z</time>
      </trkpt>
      <trkpt lat="46.595960" lon="9.006870">
        <ele>2212.418836</ele>
        <time>2026-09-12T03:19:56.291Z</time>
      </trkpt>
      <trkpt lat="46.595938" lon="9.006946">
        <ele>2211.330013</ele>
        <time>2026-09-12T03:20:08.617Z</time>
      </trkpt>
      <trkpt lat="46.595947" lon="9.007058">
        <ele>2209.841215</ele>
        <time>2026-09-12T03:20:25.240Z</time>
      </trkpt>
      <trkpt lat="46.595920" lon="9.007239">
        <ele>2207.395833</ele>
        <time>2026-09-12T03:20:52.541Z</time>
      </trkpt>
      <trkpt lat="46.595751" lon="9.007105">
        <ele>2203.697942</ele>
        <time>2026-09-12T03:21:33.222Z</time>
      </trkpt>
      <trkpt lat="46.595518" lon="9.007042">
        <ele>2199.144405</ele>
        <time>2026-09-12T03:22:21.168Z</time>
      </trkpt>
      <trkpt lat="46.595443" lon="9.006974">
        <ele>2197.446545</ele>
        <time>2026-09-12T03:22:38.395Z</time>
      </trkpt>
      <trkpt lat="46.595416" lon="9.006896">
        <ele>2196.293421</ele>
        <time>2026-09-12T03:22:49.867Z</time>
      </trkpt>
      <trkpt lat="46.595352" lon="9.006777">
        <ele>2194.298245</ele>
        <time>2026-09-12T03:23:09.541Z</time>
      </trkpt>
      <trkpt lat="46.595262" lon="9.006401">
        <ele>2189.041340</ele>
        <time>2026-09-12T03:23:54.577Z</time>
      </trkpt>
      <trkpt lat="46.595241" lon="9.006121">
        <ele>2186.252603</ele>
        <time>2026-09-12T03:24:25.597Z</time>
      </trkpt>
      <trkpt lat="46.595195" lon="9.005940">
        <ele>2184.841638</ele>
        <time>2026-09-12T03:24:46.285Z</time>
      </trkpt>
      <trkpt lat="46.595073" lon="9.005629">
        <ele>2182.223363</ele>
        <time>2026-09-12T03:25:23.722Z</time>
      </trkpt>
      <trkpt lat="46.595000" lon="9.005509">
        <ele>2181.051579</ele>
        <time>2026-09-12T03:25:39.987Z</time>
      </trkpt>
      <trkpt lat="46.594936" lon="9.005474">
        <ele>2180.324117</ele>
        <time>2026-09-12T03:25:49.794Z</time>
      </trkpt>
      <trkpt lat="46.594800" lon="9.005479">
        <ele>2178.876598</ele>
        <time>2026-09-12T03:26:09.332Z</time>
      </trkpt>
      <trkpt lat="46.594648" lon="9.005606">
        <ele>2177.011695</ele>
        <time>2026-09-12T03:26:34.602Z</time>
      </trkpt>
      <trkpt lat="46.594557" lon="9.005776">
        <ele>2175.436126</ele>
        <time>2026-09-12T03:26:55.952Z</time>
      </trkpt>
      <trkpt lat="46.594327" lon="9.006014">
        <ele>2172.433299</ele>
        <time>2026-09-12T03:27:38.314Z</time>
      </trkpt>
      <trkpt lat="46.594149" lon="9.006125">
        <ele>2170.372796</ele>
        <time>2026-09-12T03:28:08.806Z</time>
      </trkpt>
      <trkpt lat="46.593938" lon="9.006136">
        <ele>2168.261601</ele>
        <time>2026-09-12T03:28:41.895Z</time>
      </trkpt>
      <trkpt lat="46.593779" lon="9.006051">
        <ele>2168.168387</ele>
        <time>2026-09-12T03:29:07.423Z</time>
      </trkpt>
      <trkpt lat="46.593653" lon="9.005913">
        <ele>2168.081607</ele>
        <time>2026-09-12T03:29:29.933Z</time>
      </trkpt>
      <trkpt lat="46.593576" lon="9.005875">
        <ele>2168.036864</ele>
        <time>2026-09-12T03:29:41.056Z</time>
      </trkpt>
      <trkpt lat="46.593551" lon="9.005792">
        <ele>2168.002595</ele>
        <time>2026-09-12T03:29:49.683Z</time>
      </trkpt>
      <trkpt lat="46.593356" lon="9.005726">
        <ele>2167.892423</ele>
        <time>2026-09-12T03:30:16.632Z</time>
      </trkpt>
      <trkpt lat="46.593288" lon="9.005604">
        <ele>2167.833020</ele>
        <time>2026-09-12T03:30:27.923Z</time>
      </trkpt>
      <trkpt lat="46.593267" lon="9.005601">
        <ele>2167.821409</ele>
        <time>2026-09-12T03:30:30.184Z</time>
      </trkpt>
      <trkpt lat="46.593282" lon="9.005385">
        <ele>2167.739312</ele>
        <time>2026-09-12T03:30:45.354Z</time>
      </trkpt>
      <trkpt lat="46.593267" lon="9.005601">
        <ele>2167.657216</ele>
        <time>2026-09-12T03:31:00.694Z</time>
      </trkpt>
      <trkpt lat="46.593288" lon="9.005604">
        <ele>2167.645605</ele>
        <time>2026-09-12T03:31:03.026Z</time>
      </trkpt>
      <trkpt lat="46.593356" lon="9.005726">
        <ele>2167.586202</ele>
        <time>2026-09-12T03:31:14.696Z</time>
      </trkpt>
      <trkpt lat="46.593551" lon="9.005792">
        <ele>2167.476030</ele>
        <time>2026-09-12T03:31:42.924Z</time>
      </trkpt>
      <trkpt lat="46.593576" lon="9.005875">
        <ele>2167.441761</ele>
        <time>2026-09-12T03:31:52.145Z</time>
      </trkpt>
      <trkpt lat="46.593653" lon="9.005913">
        <ele>2167.397018</ele>
        <time>2026-09-12T03:32:03.949Z</time>
      </trkpt>
      <trkpt lat="46.593779" lon="9.006051">
        <ele>2167.310238</ele>
        <time>2026-09-12T03:32:28.411Z</time>
      </trkpt>
      <trkpt lat="46.593938" lon="9.006136">
        <ele>2168.433245</ele>
        <time>2026-09-12T03:32:56.985Z</time>
      </trkpt>
      <trkpt lat="46.594149" lon="9.006125">
        <ele>2170.589995</ele>
        <time>2026-09-12T03:33:36.696Z</time>
      </trkpt>
      <trkpt lat="46.594327" lon="9.006014">
        <ele>2172.568173</ele>
        <time>2026-09-12T03:34:13.520Z</time>
      </trkpt>
      <trkpt lat="46.594557" lon="9.005776">
        <ele>2175.451024</ele>
        <time>2026-09-12T03:35:00.857Z</time>
      </trkpt>
      <trkpt lat="46.594648" lon="9.005606">
        <ele>2176.963643</ele>
        <time>2026-09-12T03:35:24.217Z</time>
      </trkpt>
      <trkpt lat="46.594800" lon="9.005479">
        <ele>2178.754036</ele>
        <time>2026-09-12T03:35:51.780Z</time>
      </trkpt>
      <trkpt lat="46.594936" lon="9.005474">
        <ele>2180.143721</ele>
        <time>2026-09-12T03:36:13.082Z</time>
      </trkpt>
      <trkpt lat="46.595000" lon="9.005509">
        <ele>2180.842118</ele>
        <time>2026-09-12T03:36:23.794Z</time>
      </trkpt>
      <trkpt lat="46.595073" lon="9.005629">
        <ele>2181.967084</ele>
        <time>2026-09-12T03:36:41.788Z</time>
      </trkpt>
      <trkpt lat="46.595195" lon="9.005940">
        <ele>2184.480749</ele>
        <time>2026-09-12T03:37:23.860Z</time>
      </trkpt>
      <trkpt lat="46.595241" lon="9.006121">
        <ele>2185.989463</ele>
        <time>2026-09-12T03:37:48.599Z</time>
      </trkpt>
      <trkpt lat="46.595262" lon="9.006401">
        <ele>2189.631764</ele>
        <time>2026-09-12T03:38:27.556Z</time>
      </trkpt>
      <trkpt lat="46.595352" lon="9.006777">
        <ele>2194.780523</ele>
        <time>2026-09-12T03:39:27.470Z</time>
      </trkpt>
      <trkpt lat="46.595416" lon="9.006896">
        <ele>2196.734654</ele>
        <time>2026-09-12T03:39:53.931Z</time>
      </trkpt>
      <trkpt lat="46.595443" lon="9.006974">
        <ele>2197.864056</ele>
        <time>2026-09-12T03:40:09.377Z</time>
      </trkpt>
      <trkpt lat="46.595518" lon="9.007042">
        <ele>2199.526988</ele>
        <time>2026-09-12T03:40:32.658Z</time>
      </trkpt>
      <trkpt lat="46.595751" lon="9.007105">
        <ele>2203.986849</ele>
        <time>2026-09-12T03:41:37.719Z</time>
      </trkpt>
      <trkpt lat="46.595920" lon="9.007239">
        <ele>2207.608667</ele>
        <time>2026-09-12T03:42:33.199Z</time>
      </trkpt>
      <trkpt lat="46.595947" lon="9.007058">
        <ele>2210.003742</ele>
        <time>2026-09-12T03:43:10.513Z</time>
      </trkpt>
      <trkpt lat="46.595938" lon="9.006946">
        <ele>2211.461913</ele>
        <time>2026-09-12T03:43:33.242Z</time>
      </trkpt>
      <trkpt lat="46.595960" lon="9.006870">
        <ele>2212.528336</ele>
        <time>2026-09-12T03:43:50.120Z</time>
      </trkpt>
      <trkpt lat="46.595995" lon="9.006848">
        <ele>2213.245812</ele>
        <time>2026-09-12T03:44:01.709Z</time>
      </trkpt>
      <trkpt lat="46.596043" lon="9.006881">
        <ele>2214.244846</ele>
        <time>2026-09-12T03:44:17.482Z</time>
      </trkpt>
      <trkpt lat="46.596180" lon="9.006893">
        <ele>2216.827712</ele>
        <time>2026-09-12T03:44:58.609Z</time>
      </trkpt>
      <trkpt lat="46.596573" lon="9.006846">
        <ele>2222.787211</ele>
        <time>2026-09-12T03:46:50.145Z</time>
      </trkpt>
      <trkpt lat="46.596686" lon="9.006772">
        <ele>2224.401364</ele>
        <time>2026-09-12T03:47:20.775Z</time>
      </trkpt>
      <trkpt lat="46.596748" lon="9.006787">
        <ele>2225.220089</ele>
        <time>2026-09-12T03:47:35.811Z</time>
      </trkpt>
      <trkpt lat="46.597185" lon="9.006417">
        <ele>2231.805937</ele>
        <time>2026-09-12T03:49:23.084Z</time>
      </trkpt>
      <trkpt lat="46.597323" lon="9.006189">
        <ele>2234.525557</ele>
        <time>2026-09-12T03:50:01.286Z</time>
      </trkpt>
      <trkpt lat="46.597502" lon="9.006070">
        <ele>2237.089056</ele>
        <time>2026-09-12T03:50:36.148Z</time>
      </trkpt>
      <trkpt lat="46.597618" lon="9.006125">
        <ele>2238.678297</ele>
        <time>2026-09-12T03:50:57.015Z</time>
      </trkpt>
      <trkpt lat="46.597665" lon="9.006062">
        <ele>2239.510655</ele>
        <time>2026-09-12T03:51:07.928Z</time>
      </trkpt>
      <trkpt lat="46.597814" lon="9.006046">
        <ele>2241.456876</ele>
        <time>2026-09-12T03:51:32.888Z</time>
      </trkpt>
      <trkpt lat="46.598014" lon="9.006078">
        <ele>2243.326457</ele>
        <time>2026-09-12T03:52:05.883Z</time>
      </trkpt>
      <trkpt lat="46.598073" lon="9.006030">
        <ele>2243.630080</ele>
        <time>2026-09-12T03:52:16.686Z</time>
      </trkpt>
      <trkpt lat="46.598211" lon="9.006046">
        <ele>2244.251934</ele>
        <time>2026-09-12T03:52:38.852Z</time>
      </trkpt>
      <trkpt lat="46.598389" lon="9.005972">
        <ele>2245.083484</ele>
        <time>2026-09-12T03:53:08.163Z</time>
      </trkpt>
      <trkpt lat="46.598506" lon="9.005972">
        <ele>2245.609042</ele>
        <time>2026-09-12T03:53:26.505Z</time>
      </trkpt>
      <trkpt lat="46.598575" lon="9.006014">
        <ele>2245.945004</ele>
        <time>2026-09-12T03:53:38.286Z</time>
      </trkpt>
      <trkpt lat="46.598720" lon="9.005993">
        <ele>2246.599554</ele>
        <time>2026-09-12T03:54:01.301Z</time>
      </trkpt>
      <trkpt lat="46.599368" lon="9.005516">
        <ele>2249.861474</ele>
        <time>2026-09-12T03:55:54.365Z</time>
      </trkpt>
      <trkpt lat="46.599670" lon="9.005363">
        <ele>2250.979720</ele>
        <time>2026-09-12T03:56:42.117Z</time>
      </trkpt>
      <trkpt lat="46.599765" lon="9.005267">
        <ele>2250.924291</ele>
        <time>2026-09-12T03:56:58.735Z</time>
      </trkpt>
      <trkpt lat="46.599828" lon="9.005462">
        <ele>2250.853333</ele>
        <time>2026-09-12T03:57:19.669Z</time>
      </trkpt>
      <trkpt lat="46.599882" lon="9.005526">
        <ele>2250.819957</ele>
        <time>2026-09-12T03:57:29.324Z</time>
      </trkpt>
      <trkpt lat="46.600157" lon="9.005663">
        <ele>2250.680652</ele>
        <time>2026-09-12T03:58:08.941Z</time>
      </trkpt>
      <trkpt lat="46.600427" lon="9.005606">
        <ele>2250.549896</ele>
        <time>2026-09-12T03:58:46.591Z</time>
      </trkpt>
      <trkpt lat="46.600529" lon="9.005553">
        <ele>2250.497989</ele>
        <time>2026-09-12T03:59:01.760Z</time>
      </trkpt>
      <trkpt lat="46.600772" lon="9.005596">
        <ele>2250.380670</ele>
        <time>2026-09-12T03:59:36.470Z</time>
      </trkpt>
      <trkpt lat="46.601872" lon="9.005092">
        <ele>2250.141604</ele>
        <time>2026-09-12T04:02:19.535Z</time>
      </trkpt>
      <trkpt lat="46.602239" lon="9.005048">
        <ele>2250.137879</ele>
        <time>2026-09-12T04:03:09.775Z</time>
      </trkpt>
      <trkpt lat="46.602578" lon="9.004715">
        <ele>2250.133742</ele>
        <time>2026-09-12T04:04:08.296Z</time>
      </trkpt>
      <trkpt lat="46.602607" lon="9.004640">
        <ele>2250.133144</ele>
        <time>2026-09-12T04:04:16.895Z</time>
      </trkpt>
      <trkpt lat="46.602651" lon="9.004283">
        <ele>2250.130624</ele>
        <time>2026-09-12T04:04:53.415Z</time>
      </trkpt>
      <trkpt lat="46.602691" lon="9.004165">
        <ele>2250.121283</ele>
        <time>2026-09-12T04:05:06.758Z</time>
      </trkpt>
      <trkpt lat="46.602924" lon="9.003791">
        <ele>2250.053978</ele>
        <time>2026-09-12T04:05:56.845Z</time>
      </trkpt>
      <trkpt lat="46.603117" lon="9.003609">
        <ele>2250.009356</ele>
        <time>2026-09-12T04:06:28.947Z</time>
      </trkpt>
      <trkpt lat="46.603198" lon="9.003568">
        <ele>2249.992716</ele>
        <time>2026-09-12T04:06:40.671Z</time>
      </trkpt>
      <trkpt lat="46.603299" lon="9.003558">
        <ele>2249.973073</ele>
        <time>2026-09-12T04:06:54.428Z</time>
      </trkpt>
      <trkpt lat="46.603395" lon="9.003668">
        <ele>2249.949366</ele>
        <time>2026-09-12T04:07:11.048Z</time>
      </trkpt>
      <trkpt lat="46.603445" lon="9.003678">
        <ele>2249.939573</ele>
        <time>2026-09-12T04:07:18.076Z</time>
      </trkpt>
      <trkpt lat="46.603619" lon="9.003525">
        <ele>2249.900128</ele>
        <time>2026-09-12T04:07:46.278Z</time>
      </trkpt>
      <trkpt lat="46.603754" lon="9.003525">
        <ele>2249.873933</ele>
        <time>2026-09-12T04:08:05.077Z</time>
      </trkpt>
      <trkpt lat="46.603978" lon="9.003327">
        <ele>2249.823082</ele>
        <time>2026-09-12T04:08:41.798Z</time>
      </trkpt>
      <trkpt lat="46.604279" lon="9.003226">
        <ele>2249.792119</ele>
        <time>2026-09-12T04:09:25.255Z</time>
      </trkpt>
      <trkpt lat="46.604398" lon="9.003013">
        <ele>2249.814347</ele>
        <time>2026-09-12T04:09:51.911Z</time>
      </trkpt>
      <trkpt lat="46.604664" lon="9.002735">
        <ele>2249.852937</ele>
        <time>2026-09-12T04:10:37.589Z</time>
      </trkpt>
      <trkpt lat="46.605027" lon="9.002368">
        <ele>2249.905022</ele>
        <time>2026-09-12T04:11:37.790Z</time>
      </trkpt>
      <trkpt lat="46.605167" lon="9.002250">
        <ele>2249.924087</ele>
        <time>2026-09-12T04:12:00.260Z</time>
      </trkpt>
      <trkpt lat="46.605291" lon="9.002192">
        <ele>2249.939436</ele>
        <time>2026-09-12T04:12:18.559Z</time>
      </trkpt>
      <trkpt lat="46.605446" lon="9.002026">
        <ele>2249.962114</ele>
        <time>2026-09-12T04:12:46.294Z</time>
      </trkpt>
      <trkpt lat="46.605527" lon="9.001895">
        <ele>2249.976383</ele>
        <time>2026-09-12T04:13:03.957Z</time>
      </trkpt>
      <trkpt lat="46.605634" lon="9.001526">
        <ele>2250.395847</ele>
        <time>2026-09-12T04:13:44.553Z</time>
      </trkpt>
      <trkpt lat="46.605709" lon="9.001371">
        <ele>2250.790165</ele>
        <time>2026-09-12T04:14:03.994Z</time>
      </trkpt>
      <trkpt lat="46.605759" lon="9.001347">
        <ele>2250.949556</ele>
        <time>2026-09-12T04:14:11.829Z</time>
      </trkpt>
      <trkpt lat="46.606063" lon="9.001365">
        <ele>2251.870659</ele>
        <time>2026-09-12T04:14:57.684Z</time>
      </trkpt>
      <trkpt lat="46.606124" lon="9.001273">
        <ele>2252.136589</ele>
        <time>2026-09-12T04:15:11.005Z</time>
      </trkpt>
      <trkpt lat="46.606232" lon="9.001205">
        <ele>2252.492831</ele>
        <time>2026-09-12T04:15:29.020Z</time>
      </trkpt>
      <trkpt lat="46.606250" lon="9.001110">
        <ele>2252.697797</ele>
        <time>2026-09-12T04:15:39.342Z</time>
      </trkpt>
      <trkpt lat="46.606304" lon="9.001047">
        <ele>2252.907310</ele>
        <time>2026-09-12T04:15:49.870Z</time>
      </trkpt>
      <trkpt lat="46.606661" lon="9.000887">
        <ele>2254.038178</ele>
        <time>2026-09-12T04:16:46.832Z</time>
      </trkpt>
      <trkpt lat="46.607191" lon="9.000733">
        <ele>2255.560323</ele>
        <time>2026-09-12T04:18:07.684Z</time>
      </trkpt>
      <trkpt lat="46.607619" lon="9.000558">
        <ele>2256.255645</ele>
        <time>2026-09-12T04:19:12.377Z</time>
      </trkpt>
      <trkpt lat="46.608163" lon="9.000187">
        <ele>2257.195243</ele>
        <time>2026-09-12T04:20:38.084Z</time>
      </trkpt>
      <trkpt lat="46.608322" lon="9.000034">
        <ele>2257.493354</ele>
        <time>2026-09-12T04:21:04.770Z</time>
      </trkpt>
      <trkpt lat="46.608800" lon="8.999555">
        <ele>2258.223750</ele>
        <time>2026-09-12T04:22:25.217Z</time>
      </trkpt>
      <trkpt lat="46.609020" lon="8.999176">
        <ele>2258.124393</ele>
        <time>2026-09-12T04:23:11.890Z</time>
      </trkpt>
      <trkpt lat="46.609114" lon="8.998927">
        <ele>2258.067501</ele>
        <time>2026-09-12T04:23:38.446Z</time>
      </trkpt>
      <trkpt lat="46.609329" lon="8.998530">
        <ele>2257.966274</ele>
        <time>2026-09-12T04:24:25.714Z</time>
      </trkpt>
      <trkpt lat="46.609736" lon="8.997677">
        <ele>2257.758312</ele>
        <time>2026-09-12T04:26:04.396Z</time>
      </trkpt>
      <trkpt lat="46.609827" lon="8.997376">
        <ele>2257.813068</ele>
        <time>2026-09-12T04:26:35.549Z</time>
      </trkpt>
      <trkpt lat="46.609944" lon="8.997124">
        <ele>2257.962893</ele>
        <time>2026-09-12T04:27:04.081Z</time>
      </trkpt>
      <trkpt lat="46.610008" lon="8.996914">
        <ele>2258.076060</ele>
        <time>2026-09-12T04:27:25.551Z</time>
      </trkpt>
      <trkpt lat="46.610033" lon="8.996524">
        <ele>2258.269005</ele>
        <time>2026-09-12T04:28:02.227Z</time>
      </trkpt>
      <trkpt lat="46.610137" lon="8.996358">
        <ele>2258.379674</ele>
        <time>2026-09-12T04:28:23.620Z</time>
      </trkpt>
      <trkpt lat="46.610196" lon="8.996178">
        <ele>2258.477916</ele>
        <time>2026-09-12T04:28:42.847Z</time>
      </trkpt>
      <trkpt lat="46.610352" lon="8.995911">
        <ele>2258.650573</ele>
        <time>2026-09-12T04:29:17.155Z</time>
      </trkpt>
      <trkpt lat="46.610450" lon="8.995890">
        <ele>2258.721602</ele>
        <time>2026-09-12T04:29:31.365Z</time>
      </trkpt>
      <trkpt lat="46.610761" lon="8.996103">
        <ele>2258.968056</ele>
        <time>2026-09-12T04:30:21.569Z</time>
      </trkpt>
      <trkpt lat="46.610898" lon="8.996079">
        <ele>2258.911784</ele>
        <time>2026-09-12T04:30:41.819Z</time>
      </trkpt>
      <trkpt lat="46.611256" lon="8.995752">
        <ele>2258.273140</ele>
        <time>2026-09-12T04:31:42.849Z</time>
      </trkpt>
      <trkpt lat="46.611316" lon="8.995748">
        <ele>2258.182380</ele>
        <time>2026-09-12T04:31:51.128Z</time>
      </trkpt>
      <trkpt lat="46.611582" lon="8.995899">
        <ele>2257.750950</ele>
        <time>2026-09-12T04:32:30.053Z</time>
      </trkpt>
      <trkpt lat="46.611652" lon="8.995904">
        <ele>2257.645046</ele>
        <time>2026-09-12T04:32:39.508Z</time>
      </trkpt>
      <trkpt lat="46.611684" lon="8.995888">
        <ele>2257.593919</ele>
        <time>2026-09-12T04:32:44.220Z</time>
      </trkpt>
      <trkpt lat="46.611834" lon="8.995459">
        <ele>2257.094239</ele>
        <time>2026-09-12T04:33:30.623Z</time>
      </trkpt>
      <trkpt lat="46.611993" lon="8.995355">
        <ele>2256.830837</ele>
        <time>2026-09-12T04:33:53.803Z</time>
      </trkpt>
      <trkpt lat="46.612519" lon="8.995631">
        <ele>2254.500079</ele>
        <time>2026-09-12T04:35:11.706Z</time>
      </trkpt>
      <trkpt lat="46.612645" lon="8.995608">
        <ele>2253.397821</ele>
        <time>2026-09-12T04:35:30.148Z</time>
      </trkpt>
      <trkpt lat="46.612681" lon="8.995572">
        <ele>2253.018714</ele>
        <time>2026-09-12T04:35:36.530Z</time>
      </trkpt>
      <trkpt lat="46.612713" lon="8.995459">
        <ele>2252.289931</ele>
        <time>2026-09-12T04:35:48.895Z</time>
      </trkpt>
      <trkpt lat="46.612775" lon="8.995421">
        <ele>2251.706012</ele>
        <time>2026-09-12T04:35:58.778Z</time>
      </trkpt>
      <trkpt lat="46.612975" lon="8.995507">
        <ele>2249.895842</ele>
        <time>2026-09-12T04:36:29.956Z</time>
      </trkpt>
      <trkpt lat="46.613015" lon="8.995599">
        <ele>2249.246639</ele>
        <time>2026-09-12T04:36:41.250Z</time>
      </trkpt>
      <trkpt lat="46.613083" lon="8.995394">
        <ele>2247.889263</ele>
        <time>2026-09-12T04:37:05.002Z</time>
      </trkpt>
      <trkpt lat="46.613267" lon="8.995430">
        <ele>2246.277763</ele>
        <time>2026-09-12T04:37:33.462Z</time>
      </trkpt>
      <trkpt lat="46.613508" lon="8.995650">
        <ele>2243.808598</ele>
        <time>2026-09-12T04:38:16.666Z</time>
      </trkpt>
      <trkpt lat="46.613620" lon="8.995659">
        <ele>2242.834946</ele>
        <time>2026-09-12T04:38:33.605Z</time>
      </trkpt>
      <trkpt lat="46.613896" lon="8.995359">
        <ele>2240.625785</ele>
        <time>2026-09-12T04:39:24.637Z</time>
      </trkpt>
      <trkpt lat="46.614058" lon="8.995350">
        <ele>2240.523899</ele>
        <time>2026-09-12T04:39:47.824Z</time>
      </trkpt>
      <trkpt lat="46.614164" lon="8.995253">
        <ele>2240.445214</ele>
        <time>2026-09-12T04:40:05.426Z</time>
      </trkpt>
      <trkpt lat="46.614357" lon="8.995166">
        <ele>2240.318238</ele>
        <time>2026-09-12T04:40:33.028Z</time>
      </trkpt>
      <trkpt lat="46.614403" lon="8.995180">
        <ele>2240.288704</ele>
        <time>2026-09-12T04:40:39.449Z</time>
      </trkpt>
      <trkpt lat="46.614407" lon="8.994694">
        <ele>2240.078885</ele>
        <time>2026-09-12T04:41:22.584Z</time>
      </trkpt>
      <trkpt lat="46.614432" lon="8.994623">
        <ele>2240.044442</ele>
        <time>2026-09-12T04:41:29.576Z</time>
      </trkpt>
      <trkpt lat="46.614396" lon="8.994600">
        <ele>2240.019734</ele>
        <time>2026-09-12T04:41:34.669Z</time>
      </trkpt>
      <trkpt lat="46.614331" lon="8.994417">
        <ele>2239.930797</ele>
        <time>2026-09-12T04:41:53.543Z</time>
      </trkpt>
      <trkpt lat="46.614128" lon="8.994180">
        <ele>2239.767261</ele>
        <time>2026-09-12T04:42:30.413Z</time>
      </trkpt>
      <trkpt lat="46.614098" lon="8.994060">
        <ele>2239.712132</ele>
        <time>2026-09-12T04:42:43.439Z</time>
      </trkpt>
      <trkpt lat="46.614114" lon="8.993737">
        <ele>2239.572332</ele>
        <time>2026-09-12T04:43:17.599Z</time>
      </trkpt>
      <trkpt lat="46.614081" lon="8.993383">
        <ele>2241.570361</ele>
        <time>2026-09-12T04:43:56.345Z</time>
      </trkpt>
      <trkpt lat="46.613992" lon="8.993158">
        <ele>2243.203545</ele>
        <time>2026-09-12T04:44:25.054Z</time>
      </trkpt>
      <trkpt lat="46.613991" lon="8.992972">
        <ele>2244.373563</ele>
        <time>2026-09-12T04:44:45.834Z</time>
      </trkpt>
      <trkpt lat="46.613908" lon="8.992808">
        <ele>2245.654919</ele>
        <time>2026-09-12T04:45:08.712Z</time>
      </trkpt>
      <trkpt lat="46.613918" lon="8.992663">
        <ele>2246.571588</ele>
        <time>2026-09-12T04:45:25.160Z</time>
      </trkpt>
      <trkpt lat="46.613889" lon="8.992529">
        <ele>2247.455324</ele>
        <time>2026-09-12T04:45:41.115Z</time>
      </trkpt>
      <trkpt lat="46.613930" lon="8.992045">
        <ele>2250.522860</ele>
        <time>2026-09-12T04:46:36.961Z</time>
      </trkpt>
      <trkpt lat="46.613841" lon="8.991444">
        <ele>2254.390143</ele>
        <time>2026-09-12T04:47:48.087Z</time>
      </trkpt>
      <trkpt lat="46.613858" lon="8.991261">
        <ele>2255.551736</ele>
        <time>2026-09-12T04:48:09.645Z</time>
      </trkpt>
      <trkpt lat="46.613835" lon="8.990868">
        <ele>2258.302169</ele>
        <time>2026-09-12T04:48:55.755Z</time>
      </trkpt>
      <trkpt lat="46.613819" lon="8.990840">
        <ele>2258.562044</ele>
        <time>2026-09-12T04:49:00.125Z</time>
      </trkpt>
      <trkpt lat="46.613826" lon="8.990544">
        <ele>2260.675299</ele>
        <time>2026-09-12T04:49:34.801Z</time>
      </trkpt>
      <trkpt lat="46.613795" lon="8.990178">
        <ele>2263.306541</ele>
        <time>2026-09-12T04:50:18.100Z</time>
      </trkpt>
      <trkpt lat="46.613818" lon="8.989894">
        <ele>2265.346958</ele>
        <time>2026-09-12T04:50:51.597Z</time>
      </trkpt>
      <trkpt lat="46.613839" lon="8.989842">
        <ele>2265.777357</ele>
        <time>2026-09-12T04:50:58.571Z</time>
      </trkpt>
      <trkpt lat="46.613839" lon="8.989361">
        <ele>2269.209362</ele>
        <time>2026-09-12T04:51:54.569Z</time>
      </trkpt>
      <trkpt lat="46.613724" lon="8.988767">
        <ele>2273.612763</ele>
        <time>2026-09-12T04:53:05.530Z</time>
      </trkpt>
      <trkpt lat="46.613864" lon="8.988139">
        <ele>2277.567832</ele>
        <time>2026-09-12T04:54:20.271Z</time>
      </trkpt>
      <trkpt lat="46.614010" lon="8.987247">
        <ele>2282.742020</ele>
        <time>2026-09-12T04:56:01.660Z</time>
      </trkpt>
      <trkpt lat="46.614010" lon="8.985947">
        <ele>2289.961733</ele>
        <time>2026-09-12T04:58:21.620Z</time>
      </trkpt>
      <trkpt lat="46.613960" lon="8.985404">
        <ele>2292.449005</ele>
        <time>2026-09-12T04:59:19.592Z</time>
      </trkpt>
      <trkpt lat="46.613966" lon="8.985069">
        <ele>2293.970423</ele>
        <time>2026-09-12T04:59:54.888Z</time>
      </trkpt>
      <trkpt lat="46.613956" lon="8.984751">
        <ele>2295.415656</ele>
        <time>2026-09-12T05:00:28.229Z</time>
      </trkpt>
      <trkpt lat="46.613917" lon="8.984421">
        <ele>2296.935869</ele>
        <time>2026-09-12T05:01:03.258Z</time>
      </trkpt>
      <trkpt lat="46.613917" lon="8.983921">
        <ele>2299.205873</ele>
        <time>2026-09-12T05:01:55.387Z</time>
      </trkpt>
      <trkpt lat="46.613826" lon="8.983389">
        <ele>2301.719313</ele>
        <time>2026-09-12T05:02:52.706Z</time>
      </trkpt>
      <trkpt lat="46.613461" lon="8.982539">
        <ele>2306.615096</ele>
        <time>2026-09-12T05:04:38.612Z</time>
      </trkpt>
      <trkpt lat="46.613407" lon="8.982247">
        <ele>2308.091998</ele>
        <time>2026-09-12T05:05:11.064Z</time>
      </trkpt>
      <trkpt lat="46.613334" lon="8.982051">
        <ele>2309.180916</ele>
        <time>2026-09-12T05:05:35.100Z</time>
      </trkpt>
      <trkpt lat="46.613163" lon="8.981754">
        <ele>2311.073609</ele>
        <time>2026-09-12T05:06:17.153Z</time>
      </trkpt>
      <trkpt lat="46.613142" lon="8.981616">
        <ele>2311.763943</ele>
        <time>2026-09-12T05:06:32.462Z</time>
      </trkpt>
      <trkpt lat="46.613166" lon="8.981396">
        <ele>2312.851890</ele>
        <time>2026-09-12T05:06:56.637Z</time>
      </trkpt>
      <trkpt lat="46.613234" lon="8.981148">
        <ele>2314.156052</ele>
        <time>2026-09-12T05:07:25.627Z</time>
      </trkpt>
      <trkpt lat="46.613234" lon="8.980919">
        <ele>2315.024420</ele>
        <time>2026-09-12T05:07:50.421Z</time>
      </trkpt>
      <trkpt lat="46.613208" lon="8.980804">
        <ele>2315.482895</ele>
        <time>2026-09-12T05:08:03.431Z</time>
      </trkpt>
      <trkpt lat="46.613181" lon="8.980772">
        <ele>2315.674833</ele>
        <time>2026-09-12T05:08:08.882Z</time>
      </trkpt>
      <trkpt lat="46.613127" lon="8.980802">
        <ele>2315.993469</ele>
        <time>2026-09-12T05:08:17.989Z</time>
      </trkpt>
      <trkpt lat="46.613044" lon="8.980504">
        <ele>2317.211204</ele>
        <time>2026-09-12T05:08:52.253Z</time>
      </trkpt>
      <trkpt lat="46.613052" lon="8.980355">
        <ele>2317.777174</ele>
        <time>2026-09-12T05:09:07.990Z</time>
      </trkpt>
      <trkpt lat="46.613023" lon="8.979927">
        <ele>2319.405838</ele>
        <time>2026-09-12T05:09:52.655Z</time>
      </trkpt>
      <trkpt lat="46.612953" lon="8.979551">
        <ele>2320.881085</ele>
        <time>2026-09-12T05:10:32.156Z</time>
      </trkpt>
      <trkpt lat="46.612854" lon="8.979356">
        <ele>2321.799332</ele>
        <time>2026-09-12T05:10:56.258Z</time>
      </trkpt>
      <trkpt lat="46.612778" lon="8.979010">
        <ele>2323.174965</ele>
        <time>2026-09-12T05:11:31.716Z</time>
      </trkpt>
      <trkpt lat="46.612728" lon="8.978578">
        <ele>2324.288607</ele>
        <time>2026-09-12T05:12:13.426Z</time>
      </trkpt>
      <trkpt lat="46.612736" lon="8.978373">
        <ele>2324.506018</ele>
        <time>2026-09-12T05:12:32.689Z</time>
      </trkpt>
      <trkpt lat="46.612797" lon="8.978172">
        <ele>2324.738690</ele>
        <time>2026-09-12T05:12:53.030Z</time>
      </trkpt>
      <trkpt lat="46.612848" lon="8.977850">
        <ele>2325.088581</ele>
        <time>2026-09-12T05:13:23.362Z</time>
      </trkpt>
      <trkpt lat="46.612849" lon="8.977730">
        <ele>2325.215650</ele>
        <time>2026-09-12T05:13:34.244Z</time>
      </trkpt>
      <trkpt lat="46.612810" lon="8.977552">
        <ele>2325.413478</ele>
        <time>2026-09-12T05:13:51.183Z</time>
      </trkpt>
      <trkpt lat="46.612783" lon="8.976317">
        <ele>2326.721804</ele>
        <time>2026-09-12T05:15:40.650Z</time>
      </trkpt>
      <trkpt lat="46.612832" lon="8.975725">
        <ele>2326.919899</ele>
        <time>2026-09-12T05:16:32.428Z</time>
      </trkpt>
      <trkpt lat="46.612805" lon="8.975345">
        <ele>2326.976512</ele>
        <time>2026-09-12T05:17:05.280Z</time>
      </trkpt>
      <trkpt lat="46.612863" lon="8.975168">
        <ele>2327.005574</ele>
        <time>2026-09-12T05:17:22.633Z</time>
      </trkpt>
      <trkpt lat="46.612944" lon="8.975041">
        <ele>2327.031256</ele>
        <time>2026-09-12T05:17:38.405Z</time>
      </trkpt>
      <trkpt lat="46.612920" lon="8.974743">
        <ele>2327.075720</ele>
        <time>2026-09-12T05:18:05.290Z</time>
      </trkpt>
      <trkpt lat="46.612981" lon="8.974622">
        <ele>2327.097962</ele>
        <time>2026-09-12T05:18:18.528Z</time>
      </trkpt>
      <trkpt lat="46.613046" lon="8.974271">
        <ele>2327.151834</ele>
        <time>2026-09-12T05:18:49.750Z</time>
      </trkpt>
      <trkpt lat="46.613160" lon="8.974077">
        <ele>2327.189668</ele>
        <time>2026-09-12T05:19:12.502Z</time>
      </trkpt>
      <trkpt lat="46.613231" lon="8.973897">
        <ele>2327.220427</ele>
        <time>2026-09-12T05:19:31.467Z</time>
      </trkpt>
      <trkpt lat="46.613301" lon="8.973623">
        <ele>2327.719734</ele>
        <time>2026-09-12T05:19:58.599Z</time>
      </trkpt>
      <trkpt lat="46.613290" lon="8.973530">
        <ele>2327.975900</ele>
        <time>2026-09-12T05:20:07.597Z</time>
      </trkpt>
      <trkpt lat="46.613240" lon="8.973080">
        <ele>2329.213315</ele>
        <time>2026-09-12T05:20:51.571Z</time>
      </trkpt>
      <trkpt lat="46.613139" lon="8.972814">
        <ele>2330.038348</ele>
        <time>2026-09-12T05:21:21.725Z</time>
      </trkpt>
      <trkpt lat="46.613133" lon="8.972634">
        <ele>2330.527539</ele>
        <time>2026-09-12T05:21:39.880Z</time>
      </trkpt>
      <trkpt lat="46.613060" lon="8.972376">
        <ele>2331.284976</ele>
        <time>2026-09-12T05:22:07.793Z</time>
      </trkpt>
      <trkpt lat="46.612870" lon="8.971476">
        <ele>2333.840838</ele>
        <time>2026-09-12T05:23:45.013Z</time>
      </trkpt>
      <trkpt lat="46.612808" lon="8.971303">
        <ele>2334.367123</ele>
        <time>2026-09-12T05:24:03.939Z</time>
      </trkpt>
      <trkpt lat="46.612749" lon="8.970948">
        <ele>2335.225400</ele>
        <time>2026-09-12T05:24:38.620Z</time>
      </trkpt>
      <trkpt lat="46.612803" lon="8.970625">
        <ele>2336.006569</ele>
        <time>2026-09-12T05:25:09.360Z</time>
      </trkpt>
      <trkpt lat="46.612783" lon="8.970452">
        <ele>2336.418815</ele>
        <time>2026-09-12T05:25:25.487Z</time>
      </trkpt>
      <trkpt lat="46.612866" lon="8.970128">
        <ele>2337.231397</ele>
        <time>2026-09-12T05:25:57.311Z</time>
      </trkpt>
      <trkpt lat="46.612870" lon="8.970036">
        <ele>2337.448019</ele>
        <time>2026-09-12T05:26:05.758Z</time>
      </trkpt>
      <trkpt lat="46.612803" lon="8.969775">
        <ele>2338.102765</ele>
        <time>2026-09-12T05:26:31.530Z</time>
      </trkpt>
      <trkpt lat="46.612849" lon="8.969542">
        <ele>2338.672451</ele>
        <time>2026-09-12T05:26:54.350Z</time>
      </trkpt>
      <trkpt lat="46.612806" lon="8.969003">
        <ele>2339.947551</ele>
        <time>2026-09-12T05:27:46.974Z</time>
      </trkpt>
      <trkpt lat="46.612691" lon="8.968654">
        <ele>2340.866064</ele>
        <time>2026-09-12T05:28:26.028Z</time>
      </trkpt>
      <trkpt lat="46.612710" lon="8.968246">
        <ele>2341.850918</ele>
        <time>2026-09-12T05:29:08.248Z</time>
      </trkpt>
      <trkpt lat="46.612662" lon="8.968066">
        <ele>2342.315936</ele>
        <time>2026-09-12T05:29:28.329Z</time>
      </trkpt>
      <trkpt lat="46.612477" lon="8.967860">
        <ele>2343.132524</ele>
        <time>2026-09-12T05:30:03.350Z</time>
      </trkpt>
      <trkpt lat="46.612453" lon="8.967750">
        <ele>2343.410483</ele>
        <time>2026-09-12T05:30:15.128Z</time>
      </trkpt>
      <trkpt lat="46.612500" lon="8.967666">
        <ele>2343.671401</ele>
        <time>2026-09-12T05:30:26.044Z</time>
      </trkpt>
      <trkpt lat="46.612452" lon="8.967374">
        <ele>2344.394492</ele>
        <time>2026-09-12T05:30:55.887Z</time>
      </trkpt>
      <trkpt lat="46.612296" lon="8.967071">
        <ele>2345.306431</ele>
        <time>2026-09-12T05:31:31.860Z</time>
      </trkpt>
      <trkpt lat="46.612290" lon="8.966840">
        <ele>2345.863158</ele>
        <time>2026-09-12T05:31:52.939Z</time>
      </trkpt>
      <trkpt lat="46.612193" lon="8.966342">
        <ele>2346.831091</ele>
        <time>2026-09-12T05:32:37.408Z</time>
      </trkpt>
      <trkpt lat="46.612068" lon="8.966069">
        <ele>2346.900909</ele>
        <time>2026-09-12T05:33:06.082Z</time>
      </trkpt>
      <trkpt lat="46.612058" lon="8.965834">
        <ele>2346.951014</ele>
        <time>2026-09-12T05:33:26.581Z</time>
      </trkpt>
      <trkpt lat="46.611948" lon="8.965465">
        <ele>2347.036614</ele>
        <time>2026-09-12T05:34:01.444Z</time>
      </trkpt>
      <trkpt lat="46.611869" lon="8.965328">
        <ele>2347.074679</ele>
        <time>2026-09-12T05:34:16.939Z</time>
      </trkpt>
      <trkpt lat="46.611809" lon="8.965219">
        <ele>2347.104403</ele>
        <time>2026-09-12T05:34:29.043Z</time>
      </trkpt>
      <trkpt lat="46.611763" lon="8.964956">
        <ele>2347.162157</ele>
        <time>2026-09-12T05:34:52.428Z</time>
      </trkpt>
      <trkpt lat="46.611670" lon="8.964761">
        <ele>2347.212674</ele>
        <time>2026-09-12T05:35:12.857Z</time>
      </trkpt>
      <trkpt lat="46.611436" lon="8.964479">
        <ele>2347.306782</ele>
        <time>2026-09-12T05:35:51.497Z</time>
      </trkpt>
      <trkpt lat="46.611381" lon="8.964368">
        <ele>2347.335908</ele>
        <time>2026-09-12T05:36:03.671Z</time>
      </trkpt>
      <trkpt lat="46.611365" lon="8.964169">
        <ele>2347.444487</ele>
        <time>2026-09-12T05:36:21.645Z</time>
      </trkpt>
      <trkpt lat="46.611254" lon="8.963968">
        <ele>2347.708936</ele>
        <time>2026-09-12T05:36:44.992Z</time>
      </trkpt>
      <trkpt lat="46.611047" lon="8.963401">
        <ele>2348.367351</ele>
        <time>2026-09-12T05:37:44.352Z</time>
      </trkpt>
      <trkpt lat="46.611001" lon="8.963117">
        <ele>2348.666553</ele>
        <time>2026-09-12T05:38:11.058Z</time>
      </trkpt>
      <trkpt lat="46.610997" lon="8.962847">
        <ele>2348.943479</ele>
        <time>2026-09-12T05:38:35.255Z</time>
      </trkpt>
      <trkpt lat="46.610904" lon="8.962554">
        <ele>2349.274446</ele>
        <time>2026-09-12T05:39:03.977Z</time>
      </trkpt>
      <trkpt lat="46.610881" lon="8.962110">
        <ele>2349.731023</ele>
        <time>2026-09-12T05:39:44.010Z</time>
      </trkpt>
      <trkpt lat="46.610790" lon="8.961761">
        <ele>2350.141401</ele>
        <time>2026-09-12T05:40:17.854Z</time>
      </trkpt>
      <trkpt lat="46.610709" lon="8.961607">
        <ele>2350.421379</ele>
        <time>2026-09-12T05:40:35.513Z</time>
      </trkpt>
      <trkpt lat="46.610670" lon="8.961470">
        <ele>2350.635448</ele>
        <time>2026-09-12T05:40:49.066Z</time>
      </trkpt>
      <trkpt lat="46.610561" lon="8.960439">
        <ele>2352.141229</ele>
        <time>2026-09-12T05:42:26.043Z</time>
      </trkpt>
      <trkpt lat="46.610547" lon="8.959877">
        <ele>2352.953017</ele>
        <time>2026-09-12T05:43:18.577Z</time>
      </trkpt>
      <trkpt lat="46.610461" lon="8.959329">
        <ele>2353.764442</ele>
        <time>2026-09-12T05:44:10.778Z</time>
      </trkpt>
      <trkpt lat="46.610446" lon="8.959094">
        <ele>2354.226901</ele>
        <time>2026-09-12T05:44:32.530Z</time>
      </trkpt>
      <trkpt lat="46.610402" lon="8.958924">
        <ele>2354.603402</ele>
        <time>2026-09-12T05:44:49.148Z</time>
      </trkpt>
      <trkpt lat="46.610348" lon="8.958833">
        <ele>2354.852620</ele>
        <time>2026-09-12T05:45:00.191Z</time>
      </trkpt>
      <trkpt lat="46.610308" lon="8.958412">
        <ele>2355.733445</ele>
        <time>2026-09-12T05:45:38.880Z</time>
      </trkpt>
      <trkpt lat="46.610220" lon="8.958161">
        <ele>2356.317473</ele>
        <time>2026-09-12T05:46:04.530Z</time>
      </trkpt>
      <trkpt lat="46.610185" lon="8.957914">
        <ele>2356.840157</ele>
        <time>2026-09-12T05:46:27.714Z</time>
      </trkpt>
      <trkpt lat="46.610172" lon="8.957711">
        <ele>2357.262698</ele>
        <time>2026-09-12T05:46:46.799Z</time>
      </trkpt>
      <trkpt lat="46.610214" lon="8.957328">
        <ele>2358.066515</ele>
        <time>2026-09-12T05:47:23.865Z</time>
      </trkpt>
      <trkpt lat="46.610192" lon="8.957161">
        <ele>2358.418928</ele>
        <time>2026-09-12T05:47:40.372Z</time>
      </trkpt>
      <trkpt lat="46.610162" lon="8.957037">
        <ele>2358.691390</ele>
        <time>2026-09-12T05:47:53.303Z</time>
      </trkpt>
      <trkpt lat="46.610081" lon="8.956866">
        <ele>2359.121872</ele>
        <time>2026-09-12T05:48:13.888Z</time>
      </trkpt>
      <trkpt lat="46.609998" lon="8.956774">
        <ele>2359.690220</ele>
        <time>2026-09-12T05:48:29.225Z</time>
      </trkpt>
      <trkpt lat="46.609943" lon="8.956636">
        <ele>2360.475182</ele>
        <time>2026-09-12T05:48:45.735Z</time>
      </trkpt>
      <trkpt lat="46.609956" lon="8.956090">
        <ele>2363.163148</ele>
        <time>2026-09-12T05:49:44.140Z</time>
      </trkpt>
      <trkpt lat="46.609925" lon="8.955894">
        <ele>2364.152709</ele>
        <time>2026-09-12T05:50:06.452Z</time>
      </trkpt>
      <trkpt lat="46.609722" lon="8.955457">
        <ele>2366.748210</ele>
        <time>2026-09-12T05:51:06.332Z</time>
      </trkpt>
      <trkpt lat="46.609729" lon="8.955339">
        <ele>2367.330940</ele>
        <time>2026-09-12T05:51:19.951Z</time>
      </trkpt>
      <trkpt lat="46.609794" lon="8.955230">
        <ele>2368.041100</ele>
        <time>2026-09-12T05:51:36.342Z</time>
      </trkpt>
      <trkpt lat="46.609808" lon="8.955109">
        <ele>2368.644814</ele>
        <time>2026-09-12T05:51:50.520Z</time>
      </trkpt>
      <trkpt lat="46.609744" lon="8.954556">
        <ele>2371.403956</ele>
        <time>2026-09-12T05:52:51.959Z</time>
      </trkpt>
      <trkpt lat="46.609710" lon="8.954467">
        <ele>2371.904998</ele>
        <time>2026-09-12T05:53:02.908Z</time>
      </trkpt>
      <trkpt lat="46.609725" lon="8.954168">
        <ele>2371.450475</ele>
        <time>2026-09-12T05:53:33.369Z</time>
      </trkpt>
      <trkpt lat="46.609712" lon="8.954022">
        <ele>2371.053113</ele>
        <time>2026-09-12T05:53:47.995Z</time>
      </trkpt>
      <trkpt lat="46.609767" lon="8.953669">
        <ele>2370.076138</ele>
        <time>2026-09-12T05:54:21.411Z</time>
      </trkpt>
      <trkpt lat="46.609794" lon="8.953233">
        <ele>2368.894567</ele>
        <time>2026-09-12T05:55:00.114Z</time>
      </trkpt>
      <trkpt lat="46.609736" lon="8.952764">
        <ele>2367.608350</ele>
        <time>2026-09-12T05:55:45.750Z</time>
      </trkpt>
      <trkpt lat="46.609772" lon="8.952461">
        <ele>2366.778387</ele>
        <time>2026-09-12T05:56:17.076Z</time>
      </trkpt>
      <trkpt lat="46.609751" lon="8.952123">
        <ele>2365.862374</ele>
        <time>2026-09-12T05:56:52.678Z</time>
      </trkpt>
      <trkpt lat="46.609766" lon="8.951903">
        <ele>2365.265659</ele>
        <time>2026-09-12T05:57:16.347Z</time>
      </trkpt>
      <trkpt lat="46.609707" lon="8.951648">
        <ele>2363.188472</ele>
        <time>2026-09-12T05:57:45.559Z</time>
      </trkpt>
      <trkpt lat="46.609694" lon="8.951453">
        <ele>2361.306048</ele>
        <time>2026-09-12T05:58:06.929Z</time>
      </trkpt>
      <trkpt lat="46.609723" lon="8.951330">
        <ele>2360.056558</ele>
        <time>2026-09-12T05:58:21.211Z</time>
      </trkpt>
      <trkpt lat="46.609716" lon="8.951071">
        <ele>2357.566080</ele>
        <time>2026-09-12T05:58:49.661Z</time>
      </trkpt>
      <trkpt lat="46.609673" lon="8.950972">
        <ele>2356.440674</ele>
        <time>2026-09-12T05:59:02.454Z</time>
      </trkpt>
      <trkpt lat="46.609660" lon="8.950789">
        <ele>2354.672975</ele>
        <time>2026-09-12T05:59:22.745Z</time>
      </trkpt>
      <trkpt lat="46.609656" lon="8.950194">
        <ele>2348.955748</ele>
        <time>2026-09-12T06:00:28.298Z</time>
      </trkpt>
      <trkpt lat="46.609606" lon="8.949517">
        <ele>2342.413425</ele>
        <time>2026-09-12T06:01:42.923Z</time>
      </trkpt>
      <trkpt lat="46.609583" lon="8.949444">
        <ele>2341.641765</ele>
        <time>2026-09-12T06:01:51.701Z</time>
      </trkpt>
      <trkpt lat="46.609537" lon="8.949393">
        <ele>2340.833019</ele>
        <time>2026-09-12T06:02:00.916Z</time>
      </trkpt>
      <trkpt lat="46.609405" lon="8.949369">
        <ele>2338.745834</ele>
        <time>2026-09-12T06:02:22.193Z</time>
      </trkpt>
      <trkpt lat="46.609362" lon="8.949323">
        <ele>2337.819111</ele>
        <time>2026-09-12T06:02:30.650Z</time>
      </trkpt>
      <trkpt lat="46.609330" lon="8.949145">
        <ele>2335.624022</ele>
        <time>2026-09-12T06:02:50.982Z</time>
      </trkpt>
      <trkpt lat="46.609321" lon="8.948960">
        <ele>2333.411405</ele>
        <time>2026-09-12T06:03:11.375Z</time>
      </trkpt>
      <trkpt lat="46.609380" lon="8.948490">
        <ele>2327.711358</ele>
        <time>2026-09-12T06:04:04.459Z</time>
      </trkpt>
      <trkpt lat="46.609319" lon="8.948182">
        <ele>2323.887196</ele>
        <time>2026-09-12T06:04:40.525Z</time>
      </trkpt>
      <trkpt lat="46.609277" lon="8.948116">
        <ele>2322.813882</ele>
        <time>2026-09-12T06:04:50.763Z</time>
      </trkpt>
      <trkpt lat="46.609256" lon="8.948015">
        <ele>2321.554948</ele>
        <time>2026-09-12T06:05:02.944Z</time>
      </trkpt>
      <trkpt lat="46.609242" lon="8.947789">
        <ele>2318.847776</ele>
        <time>2026-09-12T06:05:29.612Z</time>
      </trkpt>
      <trkpt lat="46.609054" lon="8.946850">
        <ele>2306.669721</ele>
        <time>2026-09-12T06:07:32.403Z</time>
      </trkpt>
      <trkpt lat="46.609042" lon="8.946640">
        <ele>2303.298942</ele>
        <time>2026-09-12T06:08:00.620Z</time>
      </trkpt>
      <trkpt lat="46.608970" lon="8.946290">
        <ele>2297.454679</ele>
        <time>2026-09-12T06:08:50.638Z</time>
      </trkpt>
      <trkpt lat="46.608926" lon="8.945826">
        <ele>2289.962103</ele>
        <time>2026-09-12T06:09:56.543Z</time>
      </trkpt>
      <trkpt lat="46.608909" lon="8.945095">
        <ele>2278.262237</ele>
        <time>2026-09-12T06:11:40.612Z</time>
      </trkpt>
      <trkpt lat="46.608880" lon="8.944893">
        <ele>2274.961214</ele>
        <time>2026-09-12T06:12:09.643Z</time>
      </trkpt>
      <trkpt lat="46.608906" lon="8.944777">
        <ele>2273.009397</ele>
        <time>2026-09-12T06:12:26.763Z</time>
      </trkpt>
      <trkpt lat="46.608839" lon="8.944559">
        <ele>2269.189169</ele>
        <time>2026-09-12T06:13:00.176Z</time>
      </trkpt>
      <trkpt lat="46.608779" lon="8.944469">
        <ele>2267.183059</ele>
        <time>2026-09-12T06:13:17.592Z</time>
      </trkpt>
      <trkpt lat="46.608657" lon="8.943996">
        <ele>2258.660872</ele>
        <time>2026-09-12T06:14:26.924Z</time>
      </trkpt>
      <trkpt lat="46.608633" lon="8.943805">
        <ele>2255.377123</ele>
        <time>2026-09-12T06:14:53.905Z</time>
      </trkpt>
      <trkpt lat="46.608571" lon="8.943606">
        <ele>2251.681734</ele>
        <time>2026-09-12T06:15:24.502Z</time>
      </trkpt>
      <trkpt lat="46.608542" lon="8.943400">
        <ele>2248.125494</ele>
        <time>2026-09-12T06:15:54.199Z</time>
      </trkpt>
      <trkpt lat="46.608318" lon="8.942669">
        <ele>2234.588796</ele>
        <time>2026-09-12T06:17:48.735Z</time>
      </trkpt>
      <trkpt lat="46.608288" lon="8.942251">
        <ele>2227.481131</ele>
        <time>2026-09-12T06:18:51.186Z</time>
      </trkpt>
      <trkpt lat="46.608302" lon="8.942203">
        <ele>2226.599225</ele>
        <time>2026-09-12T06:18:59.255Z</time>
      </trkpt>
      <trkpt lat="46.608241" lon="8.941556">
        <ele>2220.463250</ele>
        <time>2026-09-12T06:20:40.523Z</time>
      </trkpt>
      <trkpt lat="46.608123" lon="8.941125">
        <ele>2218.150730</ele>
        <time>2026-09-12T06:21:39.219Z</time>
      </trkpt>
      <trkpt lat="46.607982" lon="8.940880">
        <ele>2216.557713</ele>
        <time>2026-09-12T06:22:13.732Z</time>
      </trkpt>
      <trkpt lat="46.607859" lon="8.940452">
        <ele>2214.245311</ele>
        <time>2026-09-12T06:22:58.719Z</time>
      </trkpt>
      <trkpt lat="46.607793" lon="8.940466">
        <ele>2213.761406</ele>
        <time>2026-09-12T06:23:07.576Z</time>
      </trkpt>
      <trkpt lat="46.607859" lon="8.940452">
        <ele>2213.277502</ele>
        <time>2026-09-12T06:23:16.822Z</time>
      </trkpt>
      <trkpt lat="46.607982" lon="8.940880">
        <ele>2210.965099</ele>
        <time>2026-09-12T06:24:05.345Z</time>
      </trkpt>
      <trkpt lat="46.608123" lon="8.941125">
        <ele>2209.576680</ele>
        <time>2026-09-12T06:24:44.722Z</time>
      </trkpt>
      <trkpt lat="46.608241" lon="8.941556">
        <ele>2212.367541</ele>
        <time>2026-09-12T06:25:55.423Z</time>
      </trkpt>
      <trkpt lat="46.608302" lon="8.942203">
        <ele>2216.295868</ele>
        <time>2026-09-12T06:27:49.502Z</time>
      </trkpt>
      <trkpt lat="46.608347" lon="8.942396">
        <ele>2217.521847</ele>
        <time>2026-09-12T06:28:22.482Z</time>
      </trkpt>
      <trkpt lat="46.608556" lon="8.942793">
        <ele>2220.530438</ele>
        <time>2026-09-12T06:29:24.928Z</time>
      </trkpt>
      <trkpt lat="46.608568" lon="8.942866">
        <ele>2220.981942</ele>
        <time>2026-09-12T06:29:33.681Z</time>
      </trkpt>
      <trkpt lat="46.608631" lon="8.942868">
        <ele>2221.533701</ele>
        <time>2026-09-12T06:29:43.112Z</time>
      </trkpt>
      <trkpt lat="46.608651" lon="8.942920">
        <ele>2221.892176</ele>
        <time>2026-09-12T06:29:49.242Z</time>
      </trkpt>
      <trkpt lat="46.608687" lon="8.942822">
        <ele>2222.560649</ele>
        <time>2026-09-12T06:30:00.395Z</time>
      </trkpt>
      <trkpt lat="46.608846" lon="8.942860">
        <ele>2223.971492</ele>
        <time>2026-09-12T06:30:22.395Z</time>
      </trkpt>
      <trkpt lat="46.608885" lon="8.942795">
        <ele>2224.490607</ele>
        <time>2026-09-12T06:30:31.079Z</time>
      </trkpt>
      <trkpt lat="46.608967" lon="8.942743">
        <ele>2225.117224</ele>
        <time>2026-09-12T06:30:44.196Z</time>
      </trkpt>
      <trkpt lat="46.608999" lon="8.942576">
        <ele>2223.441926</ele>
        <time>2026-09-12T06:31:02.398Z</time>
      </trkpt>
      <trkpt lat="46.609110" lon="8.942335">
        <ele>2220.638221</ele>
        <time>2026-09-12T06:31:34.936Z</time>
      </trkpt>
      <trkpt lat="46.609231" lon="8.941930">
        <ele>2216.370693</ele>
        <time>2026-09-12T06:32:26.061Z</time>
      </trkpt>
      <trkpt lat="46.609286" lon="8.941364">
        <ele>2210.847090</ele>
        <time>2026-09-12T06:33:35.036Z</time>
      </trkpt>
      <trkpt lat="46.609312" lon="8.941348">
        <ele>2210.450040</ele>
        <time>2026-09-12T06:33:40.020Z</time>
      </trkpt>
      <trkpt lat="46.609398" lon="8.941394">
        <ele>2209.161297</ele>
        <time>2026-09-12T06:33:56.865Z</time>
      </trkpt>
      <trkpt lat="46.609502" lon="8.941193">
        <ele>2206.729806</ele>
        <time>2026-09-12T06:34:29.250Z</time>
      </trkpt>
      <trkpt lat="46.609599" lon="8.941189">
        <ele>2205.364870</ele>
        <time>2026-09-12T06:34:47.604Z</time>
      </trkpt>
      <trkpt lat="46.609570" lon="8.941067">
        <ele>2204.117435</ele>
        <time>2026-09-12T06:35:04.730Z</time>
      </trkpt>
      <trkpt lat="46.609587" lon="8.941040">
        <ele>2203.763536</ele>
        <time>2026-09-12T06:35:09.693Z</time>
      </trkpt>
      <trkpt lat="46.609652" lon="8.941011">
        <ele>2202.807276</ele>
        <time>2026-09-12T06:35:22.873Z</time>
      </trkpt>
      <trkpt lat="46.609691" lon="8.940955">
        <ele>2202.036736</ele>
        <time>2026-09-12T06:35:33.633Z</time>
      </trkpt>
      <trkpt lat="46.609759" lon="8.940987">
        <ele>2201.031519</ele>
        <time>2026-09-12T06:35:47.619Z</time>
      </trkpt>
      <trkpt lat="46.609765" lon="8.940914">
        <ele>2200.321109</ele>
        <time>2026-09-12T06:35:57.674Z</time>
      </trkpt>
      <trkpt lat="46.609840" lon="8.941029">
        <ele>2197.902789</ele>
        <time>2026-09-12T06:36:19.418Z</time>
      </trkpt>
      <trkpt lat="46.609937" lon="8.941064">
        <ele>2195.390285</ele>
        <time>2026-09-12T06:36:39.515Z</time>
      </trkpt>
      <trkpt lat="46.609978" lon="8.941030">
        <ele>2194.203965</ele>
        <time>2026-09-12T06:36:48.921Z</time>
      </trkpt>
      <trkpt lat="46.609901" lon="8.940883">
        <ele>2191.011259</ele>
        <time>2026-09-12T06:37:14.893Z</time>
      </trkpt>
      <trkpt lat="46.609977" lon="8.940896">
        <ele>2189.087376</ele>
        <time>2026-09-12T06:37:30.748Z</time>
      </trkpt>
      <trkpt lat="46.610067" lon="8.940826">
        <ele>2186.521935</ele>
        <time>2026-09-12T06:37:51.576Z</time>
      </trkpt>
      <trkpt lat="46.610146" lon="8.940565">
        <ele>2181.596030</ele>
        <time>2026-09-12T06:38:33.193Z</time>
      </trkpt>
      <trkpt lat="46.610118" lon="8.940535">
        <ele>2180.721952</ele>
        <time>2026-09-12T06:38:40.829Z</time>
      </trkpt>
      <trkpt lat="46.610056" lon="8.940535">
        <ele>2179.163194</ele>
        <time>2026-09-12T06:38:54.508Z</time>
      </trkpt>
      <trkpt lat="46.610107" lon="8.940409">
        <ele>2176.637391</ele>
        <time>2026-09-12T06:39:17.082Z</time>
      </trkpt>
      <trkpt lat="46.610290" lon="8.940226">
        <ele>2171.055530</ele>
        <time>2026-09-12T06:40:08.852Z</time>
      </trkpt>
      <trkpt lat="46.610093" lon="8.940156">
        <ele>2165.957283</ele>
        <time>2026-09-12T06:40:57.995Z</time>
      </trkpt>
      <trkpt lat="46.610073" lon="8.940141">
        <ele>2165.391643</ele>
        <time>2026-09-12T06:41:03.635Z</time>
      </trkpt>
      <trkpt lat="46.610075" lon="8.940088">
        <ele>2164.474898</ele>
        <time>2026-09-12T06:41:12.543Z</time>
      </trkpt>
      <trkpt lat="46.609892" lon="8.940115">
        <ele>2159.850475</ele>
        <time>2026-09-12T06:41:58.707Z</time>
      </trkpt>
      <trkpt lat="46.609935" lon="8.940038">
        <ele>2158.136624</ele>
        <time>2026-09-12T06:42:16.056Z</time>
      </trkpt>
      <trkpt lat="46.609931" lon="8.940006">
        <ele>2157.574874</ele>
        <time>2026-09-12T06:42:21.911Z</time>
      </trkpt>
      <trkpt lat="46.609816" lon="8.940036">
        <ele>2154.633949</ele>
        <time>2026-09-12T06:42:52.209Z</time>
      </trkpt>
      <trkpt lat="46.609810" lon="8.940006">
        <ele>2154.059734</ele>
        <time>2026-09-12T06:42:57.852Z</time>
      </trkpt>
      <trkpt lat="46.609876" lon="8.939864">
        <ele>2150.908949</ele>
        <time>2026-09-12T06:43:28.709Z</time>
      </trkpt>
      <trkpt lat="46.609759" lon="8.939815">
        <ele>2147.652025</ele>
        <time>2026-09-12T06:44:00.140Z</time>
      </trkpt>
      <trkpt lat="46.609777" lon="8.939767">
        <ele>2146.647032</ele>
        <time>2026-09-12T06:44:09.679Z</time>
      </trkpt>
      <trkpt lat="46.609826" lon="8.939739">
        <ele>2145.238813</ele>
        <time>2026-09-12T06:44:23.150Z</time>
      </trkpt>
      <trkpt lat="46.609764" lon="8.939640">
        <ele>2142.776880</ele>
        <time>2026-09-12T06:44:46.980Z</time>
      </trkpt>
      <trkpt lat="46.609844" lon="8.939440">
        <ele>2138.523702</ele>
        <time>2026-09-12T06:45:27.658Z</time>
      </trkpt>
      <trkpt lat="46.609940" lon="8.939363">
        <ele>2135.591480</ele>
        <time>2026-09-12T06:45:55.702Z</time>
      </trkpt>
      <trkpt lat="46.610070" lon="8.939151">
        <ele>2130.369068</ele>
        <time>2026-09-12T06:46:45.235Z</time>
      </trkpt>
      <trkpt lat="46.610179" lon="8.938738">
        <ele>2122.238336</ele>
        <time>2026-09-12T06:48:00.619Z</time>
      </trkpt>
      <trkpt lat="46.610133" lon="8.937783">
        <ele>2105.761945</ele>
        <time>2026-09-12T06:50:23.900Z</time>
      </trkpt>
      <trkpt lat="46.610152" lon="8.937676">
        <ele>2104.905113</ele>
        <time>2026-09-12T06:50:37.936Z</time>
      </trkpt>
      <trkpt lat="46.610140" lon="8.937406">
        <ele>2102.807438</ele>
        <time>2026-09-12T06:51:10.293Z</time>
      </trkpt>
      <trkpt lat="46.610183" lon="8.937200">
        <ele>2101.138227</ele>
        <time>2026-09-12T06:51:35.077Z</time>
      </trkpt>
      <trkpt lat="46.610122" lon="8.936788">
        <ele>2097.870663</ele>
        <time>2026-09-12T06:52:21.429Z</time>
      </trkpt>
      <trkpt lat="46.610139" lon="8.936451">
        <ele>2095.250881</ele>
        <time>2026-09-12T06:52:57.184Z</time>
      </trkpt>
      <trkpt lat="46.610114" lon="8.936218">
        <ele>2093.422540</ele>
        <time>2026-09-12T06:53:22.056Z</time>
      </trkpt>
      <trkpt lat="46.610128" lon="8.936129">
        <ele>2092.714667</ele>
        <time>2026-09-12T06:53:31.709Z</time>
      </trkpt>
      <trkpt lat="46.610176" lon="8.936066">
        <ele>2091.985260</ele>
        <time>2026-09-12T06:53:41.426Z</time>
      </trkpt>
      <trkpt lat="46.610340" lon="8.936025">
        <ele>2090.107274</ele>
        <time>2026-09-12T06:54:06.918Z</time>
      </trkpt>
      <trkpt lat="46.610352" lon="8.935993">
        <ele>2089.824622</ele>
        <time>2026-09-12T06:54:10.819Z</time>
      </trkpt>
      <trkpt lat="46.610312" lon="8.935670">
        <ele>2087.280061</ele>
        <time>2026-09-12T06:54:45.831Z</time>
      </trkpt>
      <trkpt lat="46.610338" lon="8.935567">
        <ele>2086.429303</ele>
        <time>2026-09-12T06:54:57.648Z</time>
      </trkpt>
      <trkpt lat="46.610408" lon="8.935479">
        <ele>2085.090720</ele>
        <time>2026-09-12T06:55:12.214Z</time>
      </trkpt>
      <trkpt lat="46.610447" lon="8.935322">
        <ele>2083.368842</ele>
        <time>2026-09-12T06:55:30.530Z</time>
      </trkpt>
      <trkpt lat="46.610444" lon="8.935250">
        <ele>2082.624886</ele>
        <time>2026-09-12T06:55:38.411Z</time>
      </trkpt>
      <trkpt lat="46.610352" lon="8.935099">
        <ele>2080.543221</ele>
        <time>2026-09-12T06:56:01.026Z</time>
      </trkpt>
      <trkpt lat="46.610262" lon="8.935065">
        <ele>2079.147223</ele>
        <time>2026-09-12T06:56:16.301Z</time>
      </trkpt>
      <trkpt lat="46.610255" lon="8.935039">
        <ele>2078.859205</ele>
        <time>2026-09-12T06:56:19.492Z</time>
      </trkpt>
      <trkpt lat="46.610307" lon="8.934769">
        <ele>2075.967109</ele>
        <time>2026-09-12T06:56:51.678Z</time>
      </trkpt>
      <trkpt lat="46.610136" lon="8.934838">
        <ele>2073.302951</ele>
        <time>2026-09-12T06:57:22.276Z</time>
      </trkpt>
      <trkpt lat="46.610125" lon="8.934694">
        <ele>2071.808605</ele>
        <time>2026-09-12T06:57:39.765Z</time>
      </trkpt>
      <trkpt lat="46.610063" lon="8.934706">
        <ele>2070.869561</ele>
        <time>2026-09-12T06:57:50.947Z</time>
      </trkpt>
      <trkpt lat="46.610013" lon="8.934769">
        <ele>2069.876718</ele>
        <time>2026-09-12T06:58:03.000Z</time>
      </trkpt>
      <trkpt lat="46.610014" lon="8.934563">
        <ele>2067.752012</ele>
        <time>2026-09-12T06:58:29.497Z</time>
      </trkpt>
      <trkpt lat="46.610071" lon="8.934421">
        <ele>2066.055745</ele>
        <time>2026-09-12T06:58:51.660Z</time>
      </trkpt>
      <trkpt lat="46.610056" lon="8.934399">
        <ele>2065.736053</ele>
        <time>2026-09-12T06:58:55.957Z</time>
      </trkpt>
      <trkpt lat="46.609943" lon="8.934439">
        <ele>2063.990059</ele>
        <time>2026-09-12T06:59:19.211Z</time>
      </trkpt>
      <trkpt lat="46.609981" lon="8.934260">
        <ele>2062.057733</ele>
        <time>2026-09-12T06:59:44.748Z</time>
      </trkpt>
      <trkpt lat="46.609985" lon="8.934192">
        <ele>2061.353824</ele>
        <time>2026-09-12T06:59:54.150Z</time>
      </trkpt>
      <trkpt lat="46.609967" lon="8.934173">
        <ele>2061.020005</ele>
        <time>2026-09-12T06:59:58.554Z</time>
      </trkpt>
      <trkpt lat="46.609756" lon="8.934383">
        <ele>2056.494050</ele>
        <time>2026-09-12T07:00:50.642Z</time>
      </trkpt>
      <trkpt lat="46.609748" lon="8.934278">
        <ele>2055.045723</ele>
        <time>2026-09-12T07:01:05.510Z</time>
      </trkpt>
      <trkpt lat="46.609696" lon="8.934339">
        <ele>2053.712949</ele>
        <time>2026-09-12T07:01:19.214Z</time>
      </trkpt>
      <trkpt lat="46.609639" lon="8.934334">
        <ele>2052.573353</ele>
        <time>2026-09-12T07:01:30.688Z</time>
      </trkpt>
      <trkpt lat="46.609522" lon="8.934552">
        <ele>2048.780708</ele>
        <time>2026-09-12T07:02:08.824Z</time>
      </trkpt>
      <trkpt lat="46.609443" lon="8.934503">
        <ele>2047.066976</ele>
        <time>2026-09-12T07:02:25.961Z</time>
      </trkpt>
      <trkpt lat="46.609445" lon="8.934270">
        <ele>2043.872388</ele>
        <time>2026-09-12T07:02:57.796Z</time>
      </trkpt>
      <trkpt lat="46.609263" lon="8.934352">
        <ele>2040.070272</ele>
        <time>2026-09-12T07:03:35.757Z</time>
      </trkpt>
      <trkpt lat="46.609220" lon="8.934440">
        <ele>2038.589757</ele>
        <time>2026-09-12T07:03:50.844Z</time>
      </trkpt>
      <trkpt lat="46.609209" lon="8.934361">
        <ele>2037.484670</ele>
        <time>2026-09-12T07:04:01.985Z</time>
      </trkpt>
      <trkpt lat="46.609105" lon="8.934324">
        <ele>2035.348085</ele>
        <time>2026-09-12T07:04:23.413Z</time>
      </trkpt>
      <trkpt lat="46.609063" lon="8.934489">
        <ele>2032.935691</ele>
        <time>2026-09-12T07:04:47.752Z</time>
      </trkpt>
      <trkpt lat="46.609037" lon="8.934475">
        <ele>2032.382455</ele>
        <time>2026-09-12T07:04:53.263Z</time>
      </trkpt>
      <trkpt lat="46.608997" lon="8.934516">
        <ele>2031.406143</ele>
        <time>2026-09-12T07:05:03.178Z</time>
      </trkpt>
      <trkpt lat="46.608986" lon="8.934576">
        <ele>2030.554771</ele>
        <time>2026-09-12T07:05:11.676Z</time>
      </trkpt>
      <trkpt lat="46.608967" lon="8.934548">
        <ele>2030.015203</ele>
        <time>2026-09-12T07:05:17.161Z</time>
      </trkpt>
      <trkpt lat="46.608941" lon="8.934565">
        <ele>2029.446389</ele>
        <time>2026-09-12T07:05:22.821Z</time>
      </trkpt>
      <trkpt lat="46.608931" lon="8.934658">
        <ele>2028.155860</ele>
        <time>2026-09-12T07:05:35.694Z</time>
      </trkpt>
      <trkpt lat="46.608950" lon="8.934693">
        <ele>2027.544286</ele>
        <time>2026-09-12T07:05:41.653Z</time>
      </trkpt>
      <trkpt lat="46.608917" lon="8.934721">
        <ele>2026.782004</ele>
        <time>2026-09-12T07:05:49.252Z</time>
      </trkpt>
      <trkpt lat="46.608926" lon="8.934842">
        <ele>2025.113430</ele>
        <time>2026-09-12T07:06:05.566Z</time>
      </trkpt>
      <trkpt lat="46.608909" lon="8.934914">
        <ele>2024.069654</ele>
        <time>2026-09-12T07:06:15.551Z</time>
      </trkpt>
      <trkpt lat="46.608876" lon="8.935067">
        <ele>2022.282624</ele>
        <time>2026-09-12T07:06:31.229Z</time>
      </trkpt>
      <trkpt lat="46.608663" lon="8.935462">
        <ele>2017.277704</ele>
        <time>2026-09-12T07:07:17.997Z</time>
      </trkpt>
      <trkpt lat="46.608655" lon="8.935667">
        <ele>2015.231192</ele>
        <time>2026-09-12T07:07:36.306Z</time>
      </trkpt>
      <trkpt lat="46.608604" lon="8.935826">
        <ele>2013.482222</ele>
        <time>2026-09-12T07:07:51.714Z</time>
      </trkpt>
      <trkpt lat="46.608552" lon="8.935863">
        <ele>2012.642479</ele>
        <time>2026-09-12T07:07:58.969Z</time>
      </trkpt>
      <trkpt lat="46.608459" lon="8.935863">
        <ele>2011.293202</ele>
        <time>2026-09-12T07:08:10.781Z</time>
      </trkpt>
      <trkpt lat="46.608256" lon="8.936032">
        <ele>2007.900348</ele>
        <time>2026-09-12T07:08:40.283Z</time>
      </trkpt>
      <trkpt lat="46.608206" lon="8.936031">
        <ele>2007.174862</ele>
        <time>2026-09-12T07:08:46.648Z</time>
      </trkpt>
      <trkpt lat="46.608185" lon="8.935993">
        <ele>2006.688780</ele>
        <time>2026-09-12T07:08:50.911Z</time>
      </trkpt>
      <trkpt lat="46.608015" lon="8.936038">
        <ele>2004.181909</ele>
        <time>2026-09-12T07:09:12.633Z</time>
      </trkpt>
      <trkpt lat="46.607671" lon="8.936207">
        <ele>1998.914446</ele>
        <time>2026-09-12T07:09:57.985Z</time>
      </trkpt>
      <trkpt lat="46.607484" lon="8.936285">
        <ele>1996.503840</ele>
        <time>2026-09-12T07:10:22.074Z</time>
      </trkpt>
      <trkpt lat="46.606877" lon="8.936250">
        <ele>1990.736864</ele>
        <time>2026-09-12T07:11:34.526Z</time>
      </trkpt>
      <trkpt lat="46.606681" lon="8.936307">
        <ele>1988.839396</ele>
        <time>2026-09-12T07:11:58.066Z</time>
      </trkpt>
      <trkpt lat="46.606428" lon="8.936598">
        <ele>1985.778235</ele>
        <time>2026-09-12T07:12:36.294Z</time>
      </trkpt>
      <trkpt lat="46.606420" lon="8.936680">
        <ele>1985.238067</ele>
        <time>2026-09-12T07:12:43.125Z</time>
      </trkpt>
      <trkpt lat="46.606439" lon="8.936800">
        <ele>1984.434912</ele>
        <time>2026-09-12T07:12:53.028Z</time>
      </trkpt>
      <trkpt lat="46.606419" lon="8.936860">
        <ele>1983.999964</ele>
        <time>2026-09-12T07:12:58.515Z</time>
      </trkpt>
      <trkpt lat="46.606371" lon="8.936892">
        <ele>1983.498764</ele>
        <time>2026-09-12T07:13:04.765Z</time>
      </trkpt>
      <trkpt lat="46.606209" lon="8.936924">
        <ele>1981.946746</ele>
        <time>2026-09-12T07:13:23.895Z</time>
      </trkpt>
      <trkpt lat="46.606065" lon="8.936915">
        <ele>1980.578446</ele>
        <time>2026-09-12T07:13:40.586Z</time>
      </trkpt>
      <trkpt lat="46.605694" lon="8.937052">
        <ele>1977.313300</ele>
        <time>2026-09-12T07:14:24.579Z</time>
      </trkpt>
      <trkpt lat="46.605338" lon="8.937105">
        <ele>1974.299643</ele>
        <time>2026-09-12T07:15:05.719Z</time>
      </trkpt>
      <trkpt lat="46.605067" lon="8.937158">
        <ele>1971.996938</ele>
        <time>2026-09-12T07:15:37.168Z</time>
      </trkpt>
      <trkpt lat="46.604768" lon="8.937133">
        <ele>1969.474790</ele>
        <time>2026-09-12T07:16:11.584Z</time>
      </trkpt>
      <trkpt lat="46.604713" lon="8.937168">
        <ele>1968.969282</ele>
        <time>2026-09-12T07:16:18.500Z</time>
      </trkpt>
      <trkpt lat="46.604632" lon="8.937149">
        <ele>1968.278348</ele>
        <time>2026-09-12T07:16:28.012Z</time>
      </trkpt>
      <trkpt lat="46.604564" lon="8.937063">
        <ele>1967.519722</ele>
        <time>2026-09-12T07:16:38.508Z</time>
      </trkpt>
      <trkpt lat="46.604499" lon="8.936977">
        <ele>1966.779981</ele>
        <time>2026-09-12T07:16:48.752Z</time>
      </trkpt>
      <trkpt lat="46.604404" lon="8.936871">
        <ele>1965.771925</ele>
        <time>2026-09-12T07:17:02.660Z</time>
      </trkpt>
      <trkpt lat="46.604323" lon="8.936846">
        <ele>1965.074625</ele>
        <time>2026-09-12T07:17:12.523Z</time>
      </trkpt>
      <trkpt lat="46.604235" lon="8.936898">
        <ele>1963.435436</ele>
        <time>2026-09-12T07:17:23.906Z</time>
      </trkpt>
      <trkpt lat="46.603859" lon="8.937348">
        <ele>1954.958691</ele>
        <time>2026-09-12T07:18:25.114Z</time>
      </trkpt>
      <trkpt lat="46.603464" lon="8.937458">
        <ele>1947.955502</ele>
        <time>2026-09-12T07:19:18.400Z</time>
      </trkpt>
      <trkpt lat="46.603373" lon="8.937433">
        <ele>1946.342873</ele>
        <time>2026-09-12T07:19:34.995Z</time>
      </trkpt>
      <trkpt lat="46.603308" lon="8.937356">
        <ele>1944.883474</ele>
        <time>2026-09-12T07:19:50.227Z</time>
      </trkpt>
      <trkpt lat="46.603211" lon="8.937280">
        <ele>1942.965159</ele>
        <time>2026-09-12T07:20:11.002Z</time>
      </trkpt>
      <trkpt lat="46.603099" lon="8.937396">
        <ele>1940.571440</ele>
        <time>2026-09-12T07:20:37.345Z</time>
      </trkpt>
      <trkpt lat="46.603079" lon="8.937502">
        <ele>1939.256295</ele>
        <time>2026-09-12T07:20:52.094Z</time>
      </trkpt>
      <trkpt lat="46.602986" lon="8.937464">
        <ele>1937.574214</ele>
        <time>2026-09-12T07:21:11.309Z</time>
      </trkpt>
      <trkpt lat="46.602951" lon="8.937384">
        <ele>1936.439506</ele>
        <time>2026-09-12T07:21:24.382Z</time>
      </trkpt>
      <trkpt lat="46.602894" lon="8.937466">
        <ele>1935.043909</ele>
        <time>2026-09-12T07:21:40.658Z</time>
      </trkpt>
      <trkpt lat="46.602856" lon="8.937448">
        <ele>1934.348026</ele>
        <time>2026-09-12T07:21:48.946Z</time>
      </trkpt>
      <trkpt lat="46.602848" lon="8.937364">
        <ele>1933.241362</ele>
        <time>2026-09-12T07:22:00.941Z</time>
      </trkpt>
      <trkpt lat="46.602783" lon="8.937284">
        <ele>1931.423193</ele>
        <time>2026-09-12T07:22:18.510Z</time>
      </trkpt>
      <trkpt lat="46.602506" lon="8.937257">
        <ele>1925.493462</ele>
        <time>2026-09-12T07:23:16.439Z</time>
      </trkpt>
      <trkpt lat="46.602413" lon="8.937077">
        <ele>1922.188431</ele>
        <time>2026-09-12T07:23:47.994Z</time>
      </trkpt>
      <trkpt lat="46.602262" lon="8.936984">
        <ele>1918.686332</ele>
        <time>2026-09-12T07:24:20.610Z</time>
      </trkpt>
      <trkpt lat="46.602160" lon="8.937119">
        <ele>1915.741628</ele>
        <time>2026-09-12T07:24:47.714Z</time>
      </trkpt>
      <trkpt lat="46.602120" lon="8.937122">
        <ele>1914.886129</ele>
        <time>2026-09-12T07:24:55.674Z</time>
      </trkpt>
      <trkpt lat="46.602087" lon="8.936866">
        <ele>1911.063774</ele>
        <time>2026-09-12T07:25:30.202Z</time>
      </trkpt>
      <trkpt lat="46.601902" lon="8.936814">
        <ele>1907.039324</ele>
        <time>2026-09-12T07:26:05.556Z</time>
      </trkpt>
      <trkpt lat="46.601841" lon="8.936855">
        <ele>1905.604200</ele>
        <time>2026-09-12T07:26:17.951Z</time>
      </trkpt>
      <trkpt lat="46.601788" lon="8.936811">
        <ele>1904.300960</ele>
        <time>2026-09-12T07:26:28.990Z</time>
      </trkpt>
      <trkpt lat="46.601646" lon="8.936845">
        <ele>1901.227196</ele>
        <time>2026-09-12T07:26:54.819Z</time>
      </trkpt>
      <trkpt lat="46.601577" lon="8.936704">
        <ele>1898.686803</ele>
        <time>2026-09-12T07:27:15.919Z</time>
      </trkpt>
      <trkpt lat="46.601505" lon="8.936719">
        <ele>1897.133271</ele>
        <time>2026-09-12T07:27:28.592Z</time>
      </trkpt>
      <trkpt lat="46.601330" lon="8.936637">
        <ele>1893.833452</ele>
        <time>2026-09-12T07:28:00.151Z</time>
      </trkpt>
      <trkpt lat="46.601095" lon="8.936580">
        <ele>1890.252676</ele>
        <time>2026-09-12T07:28:39.885Z</time>
      </trkpt>
      <trkpt lat="46.601062" lon="8.936510">
        <ele>1889.376004</ele>
        <time>2026-09-12T07:28:49.419Z</time>
      </trkpt>
      <trkpt lat="46.600989" lon="8.936504">
        <ele>1888.277061</ele>
        <time>2026-09-12T07:29:01.433Z</time>
      </trkpt>
      <trkpt lat="46.600582" lon="8.936320">
        <ele>1881.871511</ele>
        <time>2026-09-12T07:30:10.313Z</time>
      </trkpt>
      <trkpt lat="46.600487" lon="8.936418">
        <ele>1880.121373</ele>
        <time>2026-09-12T07:30:28.900Z</time>
      </trkpt>
      <trkpt lat="46.600433" lon="8.936361">
        <ele>1879.118766</ele>
        <time>2026-09-12T07:30:39.548Z</time>
      </trkpt>
      <trkpt lat="46.600393" lon="8.936398">
        <ele>1878.406417</ele>
        <time>2026-09-12T07:30:47.038Z</time>
      </trkpt>
      <trkpt lat="46.600345" lon="8.936342">
        <ele>1877.481799</ele>
        <time>2026-09-12T07:30:56.893Z</time>
      </trkpt>
      <trkpt lat="46.600249" lon="8.936407">
        <ele>1875.890418</ele>
        <time>2026-09-12T07:31:13.656Z</time>
      </trkpt>
      <trkpt lat="46.600142" lon="8.936357">
        <ele>1874.201343</ele>
        <time>2026-09-12T07:31:31.316Z</time>
      </trkpt>
      <trkpt lat="46.599956" lon="8.936463">
        <ele>1871.199076</ele>
        <time>2026-09-12T07:32:02.597Z</time>
      </trkpt>
      <trkpt lat="46.599887" lon="8.936419">
        <ele>1870.066825</ele>
        <time>2026-09-12T07:32:14.377Z</time>
      </trkpt>
      <trkpt lat="46.599660" lon="8.936158">
        <ele>1866.196426</ele>
        <time>2026-09-12T07:32:59.719Z</time>
      </trkpt>
      <trkpt lat="46.599483" lon="8.936098">
        <ele>1863.972594</ele>
        <time>2026-09-12T07:33:28.031Z</time>
      </trkpt>
      <trkpt lat="46.599362" lon="8.936148">
        <ele>1862.433455</ele>
        <time>2026-09-12T07:33:47.678Z</time>
      </trkpt>
      <trkpt lat="46.599314" lon="8.936112">
        <ele>1861.772702</ele>
        <time>2026-09-12T07:33:55.979Z</time>
      </trkpt>
      <trkpt lat="46.599190" lon="8.936118">
        <ele>1860.254537</ele>
        <time>2026-09-12T07:34:15.191Z</time>
      </trkpt>
      <trkpt lat="46.599061" lon="8.936049">
        <ele>1858.572799</ele>
        <time>2026-09-12T07:34:36.138Z</time>
      </trkpt>
      <trkpt lat="46.598790" lon="8.936063">
        <ele>1855.254618</ele>
        <time>2026-09-12T07:35:17.819Z</time>
      </trkpt>
      <trkpt lat="46.598761" lon="8.936018">
        <ele>1854.735897</ele>
        <time>2026-09-12T07:35:24.362Z</time>
      </trkpt>
      <trkpt lat="46.598629" lon="8.936070">
        <ele>1853.062554</ele>
        <time>2026-09-12T07:35:45.694Z</time>
      </trkpt>
      <trkpt lat="46.598526" lon="8.936040">
        <ele>1851.777202</ele>
        <time>2026-09-12T07:36:02.049Z</time>
      </trkpt>
      <trkpt lat="46.598431" lon="8.936159">
        <ele>1850.243454</ele>
        <time>2026-09-12T07:36:21.536Z</time>
      </trkpt>
      <trkpt lat="46.598344" lon="8.936191">
        <ele>1849.145406</ele>
        <time>2026-09-12T07:36:35.446Z</time>
      </trkpt>
      <trkpt lat="46.598295" lon="8.936175">
        <ele>1848.530911</ele>
        <time>2026-09-12T07:36:43.278Z</time>
      </trkpt>
      <trkpt lat="46.598248" lon="8.936107">
        <ele>1847.719964</ele>
        <time>2026-09-12T07:36:53.594Z</time>
      </trkpt>
      <trkpt lat="46.598160" lon="8.936082">
        <ele>1846.622828</ele>
        <time>2026-09-12T07:37:07.431Z</time>
      </trkpt>
      <trkpt lat="46.598090" lon="8.936108">
        <ele>1845.806530</ele>
        <time>2026-09-12T07:37:18.645Z</time>
      </trkpt>
      <trkpt lat="46.597907" lon="8.936161">
        <ele>1843.809270</ele>
        <time>2026-09-12T07:37:47.485Z</time>
      </trkpt>
      <trkpt lat="46.597809" lon="8.936264">
        <ele>1842.515322</ele>
        <time>2026-09-12T07:38:06.054Z</time>
      </trkpt>
      <trkpt lat="46.597700" lon="8.936471">
        <ele>1840.597190</ele>
        <time>2026-09-12T07:38:33.319Z</time>
      </trkpt>
      <trkpt lat="46.597590" lon="8.936507">
        <ele>1839.390335</ele>
        <time>2026-09-12T07:38:50.498Z</time>
      </trkpt>
      <trkpt lat="46.597507" lon="8.936481">
        <ele>1838.481547</ele>
        <time>2026-09-12T07:39:03.160Z</time>
      </trkpt>
      <trkpt lat="46.597326" lon="8.936538">
        <ele>1836.499265</ele>
        <time>2026-09-12T07:39:30.915Z</time>
      </trkpt>
      <trkpt lat="46.597121" lon="8.936473">
        <ele>1834.253449</ele>
        <time>2026-09-12T07:40:02.393Z</time>
      </trkpt>
      <trkpt lat="46.596987" lon="8.936567">
        <ele>1832.661169</ele>
        <time>2026-09-12T07:40:24.814Z</time>
      </trkpt>
      <trkpt lat="46.596766" lon="8.936550">
        <ele>1830.292260</ele>
        <time>2026-09-12T07:40:58.291Z</time>
      </trkpt>
      <trkpt lat="46.596526" lon="8.936624">
        <ele>1827.666252</ele>
        <time>2026-09-12T07:41:34.870Z</time>
      </trkpt>
      <trkpt lat="46.596430" lon="8.936732">
        <ele>1826.200055</ele>
        <time>2026-09-12T07:41:52.915Z</time>
      </trkpt>
      <trkpt lat="46.596189" lon="8.936854">
        <ele>1822.775308</ele>
        <time>2026-09-12T07:42:30.916Z</time>
      </trkpt>
      <trkpt lat="46.595962" lon="8.936798">
        <ele>1819.685104</ele>
        <time>2026-09-12T07:43:05.383Z</time>
      </trkpt>
      <trkpt lat="46.595751" lon="8.936872">
        <ele>1816.772039</ele>
        <time>2026-09-12T07:43:38.508Z</time>
      </trkpt>
      <trkpt lat="46.595635" lon="8.936862">
        <ele>1815.212385</ele>
        <time>2026-09-12T07:43:56.388Z</time>
      </trkpt>
      <trkpt lat="46.595461" lon="8.936928">
        <ele>1812.798976</ele>
        <time>2026-09-12T07:44:24.635Z</time>
      </trkpt>
      <trkpt lat="46.595364" lon="8.937011">
        <ele>1811.288698</ele>
        <time>2026-09-12T07:44:42.441Z</time>
      </trkpt>
      <trkpt lat="46.595276" lon="8.937009">
        <ele>1810.107439</ele>
        <time>2026-09-12T07:44:56.678Z</time>
      </trkpt>
      <trkpt lat="46.595226" lon="8.937054">
        <ele>1809.318387</ele>
        <time>2026-09-12T07:45:06.183Z</time>
      </trkpt>
      <trkpt lat="46.594983" lon="8.936953">
        <ele>1805.926485</ele>
        <time>2026-09-12T07:45:47.786Z</time>
      </trkpt>
      <trkpt lat="46.594857" lon="8.936927">
        <ele>1804.218427</ele>
        <time>2026-09-12T07:46:09.370Z</time>
      </trkpt>
      <trkpt lat="46.594769" lon="8.936946">
        <ele>1803.024384</ele>
        <time>2026-09-12T07:46:24.946Z</time>
      </trkpt>
      <trkpt lat="46.594694" lon="8.936872">
        <ele>1801.410428</ele>
        <time>2026-09-12T07:46:40.946Z</time>
      </trkpt>
      <trkpt lat="46.594647" lon="8.936861">
        <ele>1800.535629</ele>
        <time>2026-09-12T07:46:49.487Z</time>
      </trkpt>
      <trkpt lat="46.594501" lon="8.936974">
        <ele>1797.496793</ele>
        <time>2026-09-12T07:47:19.044Z</time>
      </trkpt>
      <trkpt lat="46.594321" lon="8.936993">
        <ele>1794.180310</ele>
        <time>2026-09-12T07:47:51.691Z</time>
      </trkpt>
      <trkpt lat="46.594174" lon="8.937093">
        <ele>1791.198373</ele>
        <time>2026-09-12T07:48:20.845Z</time>
      </trkpt>
      <trkpt lat="46.594147" lon="8.937166">
        <ele>1790.151501</ele>
        <time>2026-09-12T07:48:31.615Z</time>
      </trkpt>
      <trkpt lat="46.594267" lon="8.937668">
        <ele>1783.439784</ele>
        <time>2026-09-12T07:49:41.181Z</time>
      </trkpt>
      <trkpt lat="46.594238" lon="8.937707">
        <ele>1782.714152</ele>
        <time>2026-09-12T07:49:48.553Z</time>
      </trkpt>
      <trkpt lat="46.594198" lon="8.937692">
        <ele>1781.955074</ele>
        <time>2026-09-12T07:49:56.230Z</time>
      </trkpt>
      <trkpt lat="46.594172" lon="8.937720">
        <ele>1781.360683</ele>
        <time>2026-09-12T07:50:02.538Z</time>
      </trkpt>
      <trkpt lat="46.594228" lon="8.937819">
        <ele>1779.741459</ele>
        <time>2026-09-12T07:50:18.350Z</time>
      </trkpt>
      <trkpt lat="46.594359" lon="8.937897">
        <ele>1777.140417</ele>
        <time>2026-09-12T07:50:43.623Z</time>
      </trkpt>
      <trkpt lat="46.594373" lon="8.937943">
        <ele>1776.505121</ele>
        <time>2026-09-12T07:50:49.561Z</time>
      </trkpt>
      <trkpt lat="46.594350" lon="8.938155">
        <ele>1773.794896</ele>
        <time>2026-09-12T07:51:14.660Z</time>
      </trkpt>
      <trkpt lat="46.594377" lon="8.938203">
        <ele>1773.011586</ele>
        <time>2026-09-12T07:51:22.038Z</time>
      </trkpt>
      <trkpt lat="46.594438" lon="8.938184">
        <ele>1771.865223</ele>
        <time>2026-09-12T07:51:32.219Z</time>
      </trkpt>
      <trkpt lat="46.594456" lon="8.938210">
        <ele>1771.399167</ele>
        <time>2026-09-12T07:51:36.265Z</time>
      </trkpt>
      <trkpt lat="46.594357" lon="8.938381">
        <ele>1768.915114</ele>
        <time>2026-09-12T07:51:56.105Z</time>
      </trkpt>
      <trkpt lat="46.594260" lon="8.938466">
        <ele>1767.396322</ele>
        <time>2026-09-12T07:52:10.533Z</time>
      </trkpt>
      <trkpt lat="46.594189" lon="8.938475">
        <ele>1766.440351</ele>
        <time>2026-09-12T07:52:19.446Z</time>
      </trkpt>
      <trkpt lat="46.594088" lon="8.938435">
        <ele>1765.036307</ele>
        <time>2026-09-12T07:52:32.502Z</time>
      </trkpt>
      <trkpt lat="46.593935" lon="8.938265">
        <ele>1762.454222</ele>
        <time>2026-09-12T07:52:56.076Z</time>
      </trkpt>
      <trkpt lat="46.593511" lon="8.937439">
        <ele>1752.950950</ele>
        <time>2026-09-12T07:54:21.678Z</time>
      </trkpt>
      <trkpt lat="46.593300" lon="8.937183">
        <ele>1749.266061</ele>
        <time>2026-09-12T07:54:54.959Z</time>
      </trkpt>
      <trkpt lat="46.593163" lon="8.937056">
        <ele>1747.087222</ele>
        <time>2026-09-12T07:55:15.464Z</time>
      </trkpt>
      <trkpt lat="46.592803" lon="8.936877">
        <ele>1738.729167</ele>
        <time>2026-09-12T07:56:06.936Z</time>
      </trkpt>
      <trkpt lat="46.592499" lon="8.936860">
        <ele>1731.079831</ele>
        <time>2026-09-12T07:56:54.002Z</time>
      </trkpt>
      <trkpt lat="46.592408" lon="8.936844">
        <ele>1728.775111</ele>
        <time>2026-09-12T07:57:09.181Z</time>
      </trkpt>
      <trkpt lat="46.592339" lon="8.936931">
        <ele>1726.479549</ele>
        <time>2026-09-12T07:57:28.880Z</time>
      </trkpt>
      <trkpt lat="46.592344" lon="8.937017">
        <ele>1724.988299</ele>
        <time>2026-09-12T07:57:41.619Z</time>
      </trkpt>
      <trkpt lat="46.592309" lon="8.937103">
        <ele>1723.261314</ele>
        <time>2026-09-12T07:57:56.890Z</time>
      </trkpt>
      <trkpt lat="46.592095" lon="8.937299">
        <ele>1716.903528</ele>
        <time>2026-09-12T07:58:54.301Z</time>
      </trkpt>
      <trkpt lat="46.592007" lon="8.937278">
        <ele>1714.661326</ele>
        <time>2026-09-12T07:59:15.176Z</time>
      </trkpt>
      <trkpt lat="46.591876" lon="8.937316">
        <ele>1711.302693</ele>
        <time>2026-09-12T07:59:46.816Z</time>
      </trkpt>
      <trkpt lat="46.591795" lon="8.937286">
        <ele>1709.201121</ele>
        <time>2026-09-12T08:00:06.762Z</time>
      </trkpt>
      <trkpt lat="46.591696" lon="8.937155">
        <ele>1705.836650</ele>
        <time>2026-09-12T08:00:39.038Z</time>
      </trkpt>
      <trkpt lat="46.591593" lon="8.937107">
        <ele>1703.117285</ele>
        <time>2026-09-12T08:01:05.286Z</time>
      </trkpt>
      <trkpt lat="46.591521" lon="8.937135">
        <ele>1701.243405</ele>
        <time>2026-09-12T08:01:23.281Z</time>
      </trkpt>
      <trkpt lat="46.591449" lon="8.937086">
        <ele>1699.173445</ele>
        <time>2026-09-12T08:01:42.752Z</time>
      </trkpt>
      <trkpt lat="46.591363" lon="8.936956">
        <ele>1695.875535</ele>
        <time>2026-09-12T08:02:12.364Z</time>
      </trkpt>
      <trkpt lat="46.591326" lon="8.937003">
        <ele>1694.569334</ele>
        <time>2026-09-12T08:02:24.234Z</time>
      </trkpt>
      <trkpt lat="46.591290" lon="8.936999">
        <ele>1693.609115</ele>
        <time>2026-09-12T08:02:32.599Z</time>
      </trkpt>
      <trkpt lat="46.591254" lon="8.937086">
        <ele>1691.753075</ele>
        <time>2026-09-12T08:02:48.923Z</time>
      </trkpt>
      <trkpt lat="46.591236" lon="8.937026">
        <ele>1690.556560</ele>
        <time>2026-09-12T08:02:59.436Z</time>
      </trkpt>
      <trkpt lat="46.591204" lon="8.937003">
        <ele>1689.607357</ele>
        <time>2026-09-12T08:03:07.671Z</time>
      </trkpt>
      <trkpt lat="46.591174" lon="8.937046">
        <ele>1688.487452</ele>
        <time>2026-09-12T08:03:17.370Z</time>
      </trkpt>
      <trkpt lat="46.591130" lon="8.937027">
        <ele>1687.266822</ele>
        <time>2026-09-12T08:03:27.806Z</time>
      </trkpt>
      <trkpt lat="46.591115" lon="8.937121">
        <ele>1685.503139</ele>
        <time>2026-09-12T08:03:42.890Z</time>
      </trkpt>
      <trkpt lat="46.591077" lon="8.937113">
        <ele>1684.481995</ele>
        <time>2026-09-12T08:03:51.431Z</time>
      </trkpt>
      <trkpt lat="46.591079" lon="8.937015">
        <ele>1682.690126</ele>
        <time>2026-09-12T08:04:06.689Z</time>
      </trkpt>
      <trkpt lat="46.590958" lon="8.936818">
        <ele>1677.861160</ele>
        <time>2026-09-12T08:04:47.354Z</time>
      </trkpt>
      <trkpt lat="46.590841" lon="8.936785">
        <ele>1674.691595</ele>
        <time>2026-09-12T08:05:13.581Z</time>
      </trkpt>
      <trkpt lat="46.590726" lon="8.936593">
        <ele>1670.036728</ele>
        <time>2026-09-12T08:05:51.173Z</time>
      </trkpt>
      <trkpt lat="46.590497" lon="8.936495">
        <ele>1663.688489</ele>
        <time>2026-09-12T08:06:40.255Z</time>
      </trkpt>
      <trkpt lat="46.590473" lon="8.936508">
        <ele>1663.007414</ele>
        <time>2026-09-12T08:06:45.447Z</time>
      </trkpt>
      <trkpt lat="46.590479" lon="8.936631">
        <ele>1660.753745</ele>
        <time>2026-09-12T08:07:02.502Z</time>
      </trkpt>
      <trkpt lat="46.590547" lon="8.936898">
        <ele>1655.549578</ele>
        <time>2026-09-12T08:07:41.064Z</time>
      </trkpt>
      <trkpt lat="46.590484" lon="8.936874">
        <ele>1653.817608</ele>
        <time>2026-09-12T08:07:53.584Z</time>
      </trkpt>
      <trkpt lat="46.590320" lon="8.936724">
        <ele>1649.608667</ele>
        <time>2026-09-12T08:08:31.740Z</time>
      </trkpt>
      <trkpt lat="46.590288" lon="8.936742">
        <ele>1648.912343</ele>
        <time>2026-09-12T08:08:38.457Z</time>
      </trkpt>
      <trkpt lat="46.590159" lon="8.936652">
        <ele>1646.008717</ele>
        <time>2026-09-12T08:09:05.831Z</time>
      </trkpt>
      <trkpt lat="46.589996" lon="8.936405">
        <ele>1641.232299</ele>
        <time>2026-09-12T08:09:49.681Z</time>
      </trkpt>
      <trkpt lat="46.589972" lon="8.936405">
        <ele>1640.745183</ele>
        <time>2026-09-12T08:09:54.304Z</time>
      </trkpt>
      <trkpt lat="46.590054" lon="8.936812">
        <ele>1634.829393</ele>
        <time>2026-09-12T08:10:37.184Z</time>
      </trkpt>
      <trkpt lat="46.590137" lon="8.936985">
        <ele>1631.886519</ele>
        <time>2026-09-12T08:10:58.169Z</time>
      </trkpt>
      <trkpt lat="46.590095" lon="8.937045">
        <ele>1630.691929</ele>
        <time>2026-09-12T08:11:09.227Z</time>
      </trkpt>
      <trkpt lat="46.590024" lon="8.936994">
        <ele>1629.084868</ele>
        <time>2026-09-12T08:11:23.072Z</time>
      </trkpt>
      <trkpt lat="46.590008" lon="8.937008">
        <ele>1628.705936</ele>
        <time>2026-09-12T08:11:26.449Z</time>
      </trkpt>
      <trkpt lat="46.590026" lon="8.937136">
        <ele>1626.883591</ele>
        <time>2026-09-12T08:11:42.421Z</time>
      </trkpt>
      <trkpt lat="46.590014" lon="8.937165">
        <ele>1626.411431</ele>
        <time>2026-09-12T08:11:46.385Z</time>
      </trkpt>
      <trkpt lat="46.589965" lon="8.937155">
        <ele>1625.407170</ele>
        <time>2026-09-12T08:11:55.010Z</time>
      </trkpt>
      <trkpt lat="46.589910" lon="8.936997">
        <ele>1622.936776</ele>
        <time>2026-09-12T08:12:15.936Z</time>
      </trkpt>
      <trkpt lat="46.589584" lon="8.936622">
        <ele>1614.492598</ele>
        <time>2026-09-12T08:13:29.275Z</time>
      </trkpt>
      <trkpt lat="46.589567" lon="8.936472">
        <ele>1612.359423</ele>
        <time>2026-09-12T08:13:47.997Z</time>
      </trkpt>
      <trkpt lat="46.589264" lon="8.936298">
        <ele>1605.708440</ele>
        <time>2026-09-12T08:14:47.112Z</time>
      </trkpt>
      <trkpt lat="46.589139" lon="8.936274">
        <ele>1603.134071</ele>
        <time>2026-09-12T08:15:09.921Z</time>
      </trkpt>
      <trkpt lat="46.589086" lon="8.936294">
        <ele>1602.016122</ele>
        <time>2026-09-12T08:15:20.074Z</time>
      </trkpt>
      <trkpt lat="46.588931" lon="8.936251">
        <ele>1598.794333</ele>
        <time>2026-09-12T08:15:49.842Z</time>
      </trkpt>
      <trkpt lat="46.588851" lon="8.936192">
        <ele>1596.963076</ele>
        <time>2026-09-12T08:16:07.099Z</time>
      </trkpt>
      <trkpt lat="46.588806" lon="8.936234">
        <ele>1595.871505</ele>
        <time>2026-09-12T08:16:17.638Z</time>
      </trkpt>
      <trkpt lat="46.588750" lon="8.936233">
        <ele>1594.728012</ele>
        <time>2026-09-12T08:16:28.961Z</time>
      </trkpt>
      <trkpt lat="46.588662" lon="8.936211">
        <ele>1592.904905</ele>
        <time>2026-09-12T08:16:47.123Z</time>
      </trkpt>
      <trkpt lat="46.588566" lon="8.936119">
        <ele>1590.557863</ele>
        <time>2026-09-12T08:17:09.423Z</time>
      </trkpt>
      <trkpt lat="46.588442" lon="8.936154">
        <ele>1587.978841</ele>
        <time>2026-09-12T08:17:33.456Z</time>
      </trkpt>
      <trkpt lat="46.588322" lon="8.936074">
        <ele>1585.283772</ele>
        <time>2026-09-12T08:17:58.543Z</time>
      </trkpt>
      <trkpt lat="46.588099" lon="8.936137">
        <ele>1580.645540</ele>
        <time>2026-09-12T08:18:41.339Z</time>
      </trkpt>
      <trkpt lat="46.588033" lon="8.936106">
        <ele>1579.271449</ele>
        <time>2026-09-12T08:18:53.933Z</time>
      </trkpt>
      <trkpt lat="46.587815" lon="8.936128">
        <ele>1575.815941</ele>
        <time>2026-09-12T08:19:33.546Z</time>
      </trkpt>
      <trkpt lat="46.587761" lon="8.936248">
        <ele>1574.257168</ele>
        <time>2026-09-12T08:19:51.010Z</time>
      </trkpt>
      <trkpt lat="46.587780" lon="8.936312">
        <ele>1573.499538</ele>
        <time>2026-09-12T08:19:59.352Z</time>
      </trkpt>
      <trkpt lat="46.587767" lon="8.936362">
        <ele>1572.918585</ele>
        <time>2026-09-12T08:20:06.031Z</time>
      </trkpt>
      <trkpt lat="46.587640" lon="8.936138">
        <ele>1569.762826</ele>
        <time>2026-09-12T08:20:32.887Z</time>
      </trkpt>
      <trkpt lat="46.587578" lon="8.936080">
        <ele>1568.597287</ele>
        <time>2026-09-12T08:20:42.724Z</time>
      </trkpt>
      <trkpt lat="46.587350" lon="8.936077">
        <ele>1564.991782</ele>
        <time>2026-09-12T08:21:12.484Z</time>
      </trkpt>
      <trkpt lat="46.587058" lon="8.935918">
        <ele>1560.061672</ele>
        <time>2026-09-12T08:21:52.528Z</time>
      </trkpt>
      <trkpt lat="46.586786" lon="8.935816">
        <ele>1555.620000</ele>
        <time>2026-09-12T08:22:27.553Z</time>
      </trkpt>
      <trkpt lat="46.586707" lon="8.935717">
        <ele>1553.971335</ele>
        <time>2026-09-12T08:22:40.235Z</time>
      </trkpt>
      <trkpt lat="46.586597" lon="8.935442">
        <ele>1550.644654</ele>
        <time>2026-09-12T08:23:07.523Z</time>
      </trkpt>
      <trkpt lat="46.586486" lon="8.935377">
        <ele>1549.292137</ele>
        <time>2026-09-12T08:23:22.581Z</time>
      </trkpt>
      <trkpt lat="46.586362" lon="8.935411">
        <ele>1547.865800</ele>
        <time>2026-09-12T08:23:38.319Z</time>
      </trkpt>
      <trkpt lat="46.586267" lon="8.935510">
        <ele>1546.544937</ele>
        <time>2026-09-12T08:23:52.806Z</time>
      </trkpt>
      <trkpt lat="46.586093" lon="8.935766">
        <ele>1543.747840</ele>
        <time>2026-09-12T08:24:23.015Z</time>
      </trkpt>
      <trkpt lat="46.585966" lon="8.936110">
        <ele>1540.714237</ele>
        <time>2026-09-12T08:24:55.451Z</time>
      </trkpt>
      <trkpt lat="46.585879" lon="8.936224">
        <ele>1539.390805</ele>
        <time>2026-09-12T08:25:09.377Z</time>
      </trkpt>
      <trkpt lat="46.585808" lon="8.936237">
        <ele>1538.581908</ele>
        <time>2026-09-12T08:25:17.834Z</time>
      </trkpt>
      <trkpt lat="46.585714" lon="8.936205">
        <ele>1537.490659</ele>
        <time>2026-09-12T08:25:29.551Z</time>
      </trkpt>
      <trkpt lat="46.585558" lon="8.936061">
        <ele>1535.402353</ele>
        <time>2026-09-12T08:25:52.030Z</time>
      </trkpt>
      <trkpt lat="46.585444" lon="8.935906">
        <ele>1533.638675</ele>
        <time>2026-09-12T08:26:11.133Z</time>
      </trkpt>
      <trkpt lat="46.585368" lon="8.935798">
        <ele>1532.437844</ele>
        <time>2026-09-12T08:26:24.145Z</time>
      </trkpt>
      <trkpt lat="46.585190" lon="8.935661">
        <ele>1530.168042</ele>
        <time>2026-09-12T08:26:48.826Z</time>
      </trkpt>
      <trkpt lat="46.585056" lon="8.935592">
        <ele>1528.582767</ele>
        <time>2026-09-12T08:27:06.227Z</time>
      </trkpt>
      <trkpt lat="46.584890" lon="8.935549">
        <ele>1526.702323</ele>
        <time>2026-09-12T08:27:26.829Z</time>
      </trkpt>
      <trkpt lat="46.584822" lon="8.935562">
        <ele>1525.937427</ele>
        <time>2026-09-12T08:27:35.173Z</time>
      </trkpt>
      <trkpt lat="46.584510" lon="8.935679">
        <ele>1522.344102</ele>
        <time>2026-09-12T08:28:14.178Z</time>
      </trkpt>
      <trkpt lat="46.584300" lon="8.935703">
        <ele>1519.994839</ele>
        <time>2026-09-12T08:28:39.946Z</time>
      </trkpt>
      <trkpt lat="46.584097" lon="8.935815">
        <ele>1517.573557</ele>
        <time>2026-09-12T08:29:06.980Z</time>
      </trkpt>
      <trkpt lat="46.583838" lon="8.935731">
        <ele>1514.614139</ele>
        <time>2026-09-12T08:29:39.885Z</time>
      </trkpt>
      <trkpt lat="46.583709" lon="8.935723">
        <ele>1513.174145</ele>
        <time>2026-09-12T08:29:55.906Z</time>
      </trkpt>
      <trkpt lat="46.583484" lon="8.935894">
        <ele>1510.326444</ele>
        <time>2026-09-12T08:30:26.628Z</time>
      </trkpt>
      <trkpt lat="46.583186" lon="8.935999">
        <ele>1506.669116</ele>
        <time>2026-09-12T08:31:02.729Z</time>
      </trkpt>
      <trkpt lat="46.583116" lon="8.936055">
        <ele>1505.716254</ele>
        <time>2026-09-12T08:31:12.143Z</time>
      </trkpt>
      <trkpt lat="46.582782" lon="8.936487">
        <ele>1500.385641</ele>
        <time>2026-09-12T08:32:04.757Z</time>
      </trkpt>
      <trkpt lat="46.582709" lon="8.936496">
        <ele>1499.511767</ele>
        <time>2026-09-12T08:32:13.640Z</time>
      </trkpt>
      <trkpt lat="46.582554" lon="8.936438">
        <ele>1497.602740</ele>
        <time>2026-09-12T08:32:33.244Z</time>
      </trkpt>
      <trkpt lat="46.582474" lon="8.936441">
        <ele>1496.648173</ele>
        <time>2026-09-12T08:32:43.242Z</time>
      </trkpt>
      <trkpt lat="46.582409" lon="8.936515">
        <ele>1495.663699</ele>
        <time>2026-09-12T08:32:53.479Z</time>
      </trkpt>
      <trkpt lat="46.582346" lon="8.936765">
        <ele>1493.480696</ele>
        <time>2026-09-12T08:33:16.725Z</time>
      </trkpt>
      <trkpt lat="46.582211" lon="8.936978">
        <ele>1491.105314</ele>
        <time>2026-09-12T08:33:42.163Z</time>
      </trkpt>
      <trkpt lat="46.582092" lon="8.937237">
        <ele>1488.300678</ele>
        <time>2026-09-12T08:34:10.000Z</time>
      </trkpt>
      <trkpt lat="46.581948" lon="8.937325">
        <ele>1485.628815</ele>
        <time>2026-09-12T08:34:30.551Z</time>
      </trkpt>
      <trkpt lat="46.581869" lon="8.937421">
        <ele>1483.867998</ele>
        <time>2026-09-12T08:34:44.510Z</time>
      </trkpt>
      <trkpt lat="46.581809" lon="8.937606">
        <ele>1481.462790</ele>
        <time>2026-09-12T08:35:03.538Z</time>
      </trkpt>
      <trkpt lat="46.581766" lon="8.937936">
        <ele>1477.513584</ele>
        <time>2026-09-12T08:35:35.145Z</time>
      </trkpt>
      <trkpt lat="46.581736" lon="8.937988">
        <ele>1476.715335</ele>
        <time>2026-09-12T08:35:41.536Z</time>
      </trkpt>
      <trkpt lat="46.581611" lon="8.938074">
        <ele>1474.349949</ele>
        <time>2026-09-12T08:36:00.702Z</time>
      </trkpt>
      <trkpt lat="46.581178" lon="8.938153">
        <ele>1466.884665</ele>
        <time>2026-09-12T08:37:00.857Z</time>
      </trkpt>
      <trkpt lat="46.580717" lon="8.938442">
        <ele>1458.291552</ele>
        <time>2026-09-12T08:38:07.081Z</time>
      </trkpt>
      <trkpt lat="46.580556" lon="8.938492">
        <ele>1455.205022</ele>
        <time>2026-09-12T08:38:28.658Z</time>
      </trkpt>
      <trkpt lat="46.580450" lon="8.938696">
        <ele>1451.909497</ele>
        <time>2026-09-12T08:38:52.436Z</time>
      </trkpt>
      <trkpt lat="46.580397" lon="8.938750">
        <ele>1450.696387</ele>
        <time>2026-09-12T08:39:01.316Z</time>
      </trkpt>
      <trkpt lat="46.580205" lon="8.938873">
        <ele>1446.763133</ele>
        <time>2026-09-12T08:39:31.257Z</time>
      </trkpt>
      <trkpt lat="46.579877" lon="8.939161">
        <ele>1439.580435</ele>
        <time>2026-09-12T08:40:28.615Z</time>
      </trkpt>
      <trkpt lat="46.579725" lon="8.939350">
        <ele>1435.831645</ele>
        <time>2026-09-12T08:40:58.931Z</time>
      </trkpt>
      <trkpt lat="46.579566" lon="8.939613">
        <ele>1431.317958</ele>
        <time>2026-09-12T08:41:34.939Z</time>
      </trkpt>
      <trkpt lat="46.579285" lon="8.939961">
        <ele>1424.490039</ele>
        <time>2026-09-12T08:42:27.135Z</time>
      </trkpt>
      <trkpt lat="46.579116" lon="8.940300">
        <ele>1421.153253</ele>
        <time>2026-09-12T08:43:04.928Z</time>
      </trkpt>
      <trkpt lat="46.579067" lon="8.940338">
        <ele>1420.509573</ele>
        <time>2026-09-12T08:43:12.181Z</time>
      </trkpt>
      <trkpt lat="46.579015" lon="8.940328">
        <ele>1419.901533</ele>
        <time>2026-09-12T08:43:18.905Z</time>
      </trkpt>
      <trkpt lat="46.578775" lon="8.940018">
        <ele>1416.181107</ele>
        <time>2026-09-12T08:43:59.405Z</time>
      </trkpt>
      <trkpt lat="46.578643" lon="8.939492">
        <ele>1411.719338</ele>
        <time>2026-09-12T08:44:46.161Z</time>
      </trkpt>
      <trkpt lat="46.578577" lon="8.939357">
        <ele>1410.399317</ele>
        <time>2026-09-12T08:44:59.617Z</time>
      </trkpt>
      <trkpt lat="46.578002" lon="8.938674">
        <ele>1402.103974</ele>
        <time>2026-09-12T08:46:23.612Z</time>
      </trkpt>
      <trkpt lat="46.577745" lon="8.938516">
        <ele>1399.372432</ele>
        <time>2026-09-12T08:46:55.497Z</time>
      </trkpt>
      <trkpt lat="46.577863" lon="8.938724">
        <ele>1397.557523</ele>
        <time>2026-09-12T08:47:17.097Z</time>
      </trkpt>
      <trkpt lat="46.577991" lon="8.938858">
        <ele>1396.013642</ele>
        <time>2026-09-12T08:47:35.809Z</time>
      </trkpt>
      <trkpt lat="46.577971" lon="8.939103">
        <ele>1394.353323</ele>
        <time>2026-09-12T08:47:56.089Z</time>
      </trkpt>
      <trkpt lat="46.578189" lon="8.939350">
        <ele>1391.648137</ele>
        <time>2026-09-12T08:48:29.582Z</time>
      </trkpt>
      <trkpt lat="46.578203" lon="8.939423">
        <ele>1391.138121</ele>
        <time>2026-09-12T08:48:35.964Z</time>
      </trkpt>
      <trkpt lat="46.578148" lon="8.939438">
        <ele>1390.590275</ele>
        <time>2026-09-12T08:48:42.946Z</time>
      </trkpt>
      <trkpt lat="46.577786" lon="8.939148">
        <ele>1386.544397</ele>
        <time>2026-09-12T08:49:33.490Z</time>
      </trkpt>
      <trkpt lat="46.577586" lon="8.939161">
        <ele>1383.966776</ele>
        <time>2026-09-12T08:49:58.587Z</time>
      </trkpt>
      <trkpt lat="46.577387" lon="8.939071">
        <ele>1381.135554</ele>
        <time>2026-09-12T08:50:24.776Z</time>
      </trkpt>
      <trkpt lat="46.576978" lon="8.938654">
        <ele>1374.350199</ele>
        <time>2026-09-12T08:51:29.291Z</time>
      </trkpt>
      <trkpt lat="46.576886" lon="8.938640">
        <ele>1373.093476</ele>
        <time>2026-09-12T08:51:41.145Z</time>
      </trkpt>
      <trkpt lat="46.576705" lon="8.938900">
        <ele>1369.637698</ele>
        <time>2026-09-12T08:52:13.572Z</time>
      </trkpt>
      <trkpt lat="46.576684" lon="8.939034">
        <ele>1368.354199</ele>
        <time>2026-09-12T08:52:25.495Z</time>
      </trkpt>
      <trkpt lat="46.577010" lon="8.939716">
        <ele>1360.683557</ele>
        <time>2026-09-12T08:53:37.498Z</time>
      </trkpt>
      <trkpt lat="46.577023" lon="8.939788">
        <ele>1360.041167</ele>
        <time>2026-09-12T08:53:43.910Z</time>
      </trkpt>
      <trkpt lat="46.577004" lon="8.939866">
        <ele>1359.327064</ele>
        <time>2026-09-12T08:53:50.994Z</time>
      </trkpt>
      <trkpt lat="46.576932" lon="8.939930">
        <ele>1358.267807</ele>
        <time>2026-09-12T08:54:01.587Z</time>
      </trkpt>
      <trkpt lat="46.576879" lon="8.939936">
        <ele>1357.600435</ele>
        <time>2026-09-12T08:54:08.130Z</time>
      </trkpt>
      <trkpt lat="46.576359" lon="8.939860">
        <ele>1351.039500</ele>
        <time>2026-09-12T08:55:13.095Z</time>
      </trkpt>
      <trkpt lat="46.576284" lon="8.939810">
        <ele>1350.003796</ele>
        <time>2026-09-12T08:55:23.314Z</time>
      </trkpt>
      <trkpt lat="46.576128" lon="8.939577">
        <ele>1347.196982</ele>
        <time>2026-09-12T08:55:51.068Z</time>
      </trkpt>
      <trkpt lat="46.576072" lon="8.939587">
        <ele>1346.488683</ele>
        <time>2026-09-12T08:55:58.035Z</time>
      </trkpt>
      <trkpt lat="46.576051" lon="8.939679">
        <ele>1345.652141</ele>
        <time>2026-09-12T08:56:06.332Z</time>
      </trkpt>
      <trkpt lat="46.576107" lon="8.940264">
        <ele>1340.555169</ele>
        <time>2026-09-12T08:56:56.744Z</time>
      </trkpt>
      <trkpt lat="46.576164" lon="8.940456">
        <ele>1338.815828</ele>
        <time>2026-09-12T08:57:14.620Z</time>
      </trkpt>
      <trkpt lat="46.576228" lon="8.940581">
        <ele>1337.685114</ele>
        <time>2026-09-12T08:57:27.928Z</time>
      </trkpt>
      <trkpt lat="46.576226" lon="8.940665">
        <ele>1337.075373</ele>
        <time>2026-09-12T08:57:35.145Z</time>
      </trkpt>
      <trkpt lat="46.576166" lon="8.940702">
        <ele>1336.387612</ele>
        <time>2026-09-12T08:57:43.186Z</time>
      </trkpt>
      <trkpt lat="46.575994" lon="8.940671">
        <ele>1334.558504</ele>
        <time>2026-09-12T08:58:04.814Z</time>
      </trkpt>
      <trkpt lat="46.575608" lon="8.940417">
        <ele>1330.087430</ele>
        <time>2026-09-12T08:58:57.309Z</time>
      </trkpt>
      <trkpt lat="46.575556" lon="8.940511">
        <ele>1329.212103</ele>
        <time>2026-09-12T08:59:07.563Z</time>
      </trkpt>
      <trkpt lat="46.575558" lon="8.940576">
        <ele>1328.740084</ele>
        <time>2026-09-12T08:59:13.010Z</time>
      </trkpt>
      <trkpt lat="46.575638" lon="8.940840">
        <ele>1326.647040</ele>
        <time>2026-09-12T08:59:37.201Z</time>
      </trkpt>
      <trkpt lat="46.575640" lon="8.940922">
        <ele>1326.051793</ele>
        <time>2026-09-12T08:59:44.040Z</time>
      </trkpt>
      <trkpt lat="46.575606" lon="8.941007">
        <ele>1325.338353</ele>
        <time>2026-09-12T08:59:52.132Z</time>
      </trkpt>
      <trkpt lat="46.575437" lon="8.941239">
        <ele>1322.886047</ele>
        <time>2026-09-12T09:00:19.747Z</time>
      </trkpt>
      <trkpt lat="46.574943" lon="8.940985">
        <ele>1318.985820</ele>
        <time>2026-09-12T09:01:19.663Z</time>
      </trkpt>
      <trkpt lat="46.574926" lon="8.940904">
        <ele>1318.726112</ele>
        <time>2026-09-12T09:01:26.155Z</time>
      </trkpt>
      <trkpt lat="46.575109" lon="8.940537">
        <ele>1317.335784</ele>
        <time>2026-09-12T09:01:59.947Z</time>
      </trkpt>
      <trkpt lat="46.575112" lon="8.940450">
        <ele>1317.068661</ele>
        <time>2026-09-12T09:02:06.224Z</time>
      </trkpt>
      <trkpt lat="46.575089" lon="8.940374">
        <ele>1316.814019</ele>
        <time>2026-09-12T09:02:12.204Z</time>
      </trkpt>
      <trkpt lat="46.574976" lon="8.940337">
        <ele>1316.297313</ele>
        <time>2026-09-12T09:02:24.357Z</time>
      </trkpt>
      <trkpt lat="46.574862" lon="8.940348">
        <ele>1315.787639</ele>
        <time>2026-09-12T09:02:36.217Z</time>
      </trkpt>
      <trkpt lat="46.574707" lon="8.940238">
        <ele>1315.018290</ele>
        <time>2026-09-12T09:02:54.426Z</time>
      </trkpt>
      <trkpt lat="46.574511" lon="8.940001">
        <ele>1313.881319</ele>
        <time>2026-09-12T09:03:21.714Z</time>
      </trkpt>
      <trkpt lat="46.574181" lon="8.939505">
        <ele>1311.598310</ele>
        <time>2026-09-12T09:04:12.975Z</time>
      </trkpt>
      <trkpt lat="46.574011" lon="8.939510">
        <ele>1310.516831</ele>
        <time>2026-09-12T09:04:31.604Z</time>
      </trkpt>
      <trkpt lat="46.573754" lon="8.939629">
        <ele>1308.801417</ele>
        <time>2026-09-12T09:05:01.510Z</time>
      </trkpt>
      <trkpt lat="46.573607" lon="8.939662">
        <ele>1307.855380</ele>
        <time>2026-09-12T09:05:18.209Z</time>
      </trkpt>
      <trkpt lat="46.573128" lon="8.939479">
        <ele>1304.705462</ele>
        <time>2026-09-12T09:06:14.367Z</time>
      </trkpt>
      <trkpt lat="46.573030" lon="8.939398">
        <ele>1303.988562</ele>
        <time>2026-09-12T09:06:27.568Z</time>
      </trkpt>
      <trkpt lat="46.572837" lon="8.938945">
        <ele>1301.658362</ele>
        <time>2026-09-12T09:07:09.938Z</time>
      </trkpt>
      <trkpt lat="46.572778" lon="8.938893">
        <ele>1301.219599</ele>
        <time>2026-09-12T09:07:17.898Z</time>
      </trkpt>
      <trkpt lat="46.572750" lon="8.938890">
        <ele>1301.041027</ele>
        <time>2026-09-12T09:07:21.184Z</time>
      </trkpt>
      <trkpt lat="46.572474" lon="8.939107">
        <ele>1298.349304</ele>
        <time>2026-09-12T09:07:57.063Z</time>
      </trkpt>
      <trkpt lat="46.572258" lon="8.939162">
        <ele>1296.372901</ele>
        <time>2026-09-12T09:08:22.821Z</time>
      </trkpt>
      <trkpt lat="46.571997" lon="8.939156">
        <ele>1294.020220</ele>
        <time>2026-09-12T09:08:53.679Z</time>
      </trkpt>
      <trkpt lat="46.571752" lon="8.939036">
        <ele>1291.690227</ele>
        <time>2026-09-12T09:09:23.903Z</time>
      </trkpt>
      <trkpt lat="46.571536" lon="8.938982">
        <ele>1289.714882</ele>
        <time>2026-09-12T09:09:49.701Z</time>
      </trkpt>
      <trkpt lat="46.571219" lon="8.939049">
        <ele>1286.827767</ele>
        <time>2026-09-12T09:10:28.176Z</time>
      </trkpt>
      <trkpt lat="46.571153" lon="8.939122">
        <ele>1286.080480</ele>
        <time>2026-09-12T09:10:38.438Z</time>
      </trkpt>
      <trkpt lat="46.571323" lon="8.939361">
        <ele>1284.051761</ele>
        <time>2026-09-12T09:11:07.204Z</time>
      </trkpt>
      <trkpt lat="46.571511" lon="8.939500">
        <ele>1282.501249</ele>
        <time>2026-09-12T09:11:32.548Z</time>
      </trkpt>
      <trkpt lat="46.571471" lon="8.939550">
        <ele>1282.113496</ele>
        <time>2026-09-12T09:11:38.716Z</time>
      </trkpt>
      <trkpt lat="46.571259" lon="8.939547">
        <ele>1280.554754</ele>
        <time>2026-09-12T09:12:03.788Z</time>
      </trkpt>
      <trkpt lat="46.571117" lon="8.939727">
        <ele>1279.169961</ele>
        <time>2026-09-12T09:12:25.699Z</time>
      </trkpt>
      <trkpt lat="46.571037" lon="8.939711">
        <ele>1278.576251</ele>
        <time>2026-09-12T09:12:34.818Z</time>
      </trkpt>
      <trkpt lat="46.570778" lon="8.939543">
        <ele>1276.491286</ele>
        <time>2026-09-12T09:13:06.477Z</time>
      </trkpt>
      <trkpt lat="46.570639" lon="8.939347">
        <ele>1275.067985</ele>
        <time>2026-09-12T09:13:28.035Z</time>
      </trkpt>
      <trkpt lat="46.570417" lon="8.939143">
        <ele>1273.137392</ele>
        <time>2026-09-12T09:13:57.832Z</time>
      </trkpt>
      <trkpt lat="46.570261" lon="8.938777">
        <ele>1270.979083</ele>
        <time>2026-09-12T09:14:30.915Z</time>
      </trkpt>
      <trkpt lat="46.570098" lon="8.938621">
        <ele>1269.626801</ele>
        <time>2026-09-12T09:14:52.375Z</time>
      </trkpt>
      <trkpt lat="46.570000" lon="8.938565">
        <ele>1268.897070</ele>
        <time>2026-09-12T09:15:03.990Z</time>
      </trkpt>
      <trkpt lat="46.569624" lon="8.938492">
        <ele>1266.268039</ele>
        <time>2026-09-12T09:15:45.806Z</time>
      </trkpt>
      <trkpt lat="46.569384" lon="8.938493">
        <ele>1264.604677</ele>
        <time>2026-09-12T09:16:12.888Z</time>
      </trkpt>
      <trkpt lat="46.569260" lon="8.938603">
        <ele>1263.598069</ele>
        <time>2026-09-12T09:16:29.551Z</time>
      </trkpt>
      <trkpt lat="46.569189" lon="8.938850">
        <ele>1262.322465</ele>
        <time>2026-09-12T09:16:50.837Z</time>
      </trkpt>
      <trkpt lat="46.568963" lon="8.939252">
        <ele>1259.848171</ele>
        <time>2026-09-12T09:17:32.729Z</time>
      </trkpt>
      <trkpt lat="46.568703" lon="8.939287">
        <ele>1257.959589</ele>
        <time>2026-09-12T09:18:03.748Z</time>
      </trkpt>
      <trkpt lat="46.568536" lon="8.939350">
        <ele>1256.642231</ele>
        <time>2026-09-12T09:18:24.283Z</time>
      </trkpt>
      <trkpt lat="46.568232" lon="8.939685">
        <ele>1253.730034</ele>
        <time>2026-09-12T09:19:09.316Z</time>
      </trkpt>
      <trkpt lat="46.567483" lon="8.940142">
        <ele>1247.528068</ele>
        <time>2026-09-12T09:20:42.961Z</time>
      </trkpt>
      <trkpt lat="46.567293" lon="8.940248">
        <ele>1245.974220</ele>
        <time>2026-09-12T09:21:05.844Z</time>
      </trkpt>
      <trkpt lat="46.567071" lon="8.940237">
        <ele>1244.608618</ele>
        <time>2026-09-12T09:21:30.589Z</time>
      </trkpt>
      <trkpt lat="46.566924" lon="8.940313">
        <ele>1243.908256</ele>
        <time>2026-09-12T09:21:47.867Z</time>
      </trkpt>
      <trkpt lat="46.566674" lon="8.940523">
        <ele>1242.612244</ele>
        <time>2026-09-12T09:22:19.469Z</time>
      </trkpt>
      <trkpt lat="46.566585" lon="8.940536">
        <ele>1242.210694</ele>
        <time>2026-09-12T09:22:29.184Z</time>
      </trkpt>
      <trkpt lat="46.566345" lon="8.940430">
        <ele>1241.084707</ele>
        <time>2026-09-12T09:22:56.355Z</time>
      </trkpt>
      <trkpt lat="46.566200" lon="8.940430">
        <ele>1240.433771</ele>
        <time>2026-09-12T09:23:11.990Z</time>
      </trkpt>
      <trkpt lat="46.566010" lon="8.940515">
        <ele>1239.541387</ele>
        <time>2026-09-12T09:23:33.553Z</time>
      </trkpt>
      <trkpt lat="46.565629" lon="8.940480">
        <ele>1237.827589</ele>
        <time>2026-09-12T09:24:14.967Z</time>
      </trkpt>
      <trkpt lat="46.565447" lon="8.940572">
        <ele>1236.975241</ele>
        <time>2026-09-12T09:24:35.745Z</time>
      </trkpt>
      <trkpt lat="46.565102" lon="8.940953">
        <ele>1235.600712</ele>
        <time>2026-09-12T09:25:22.428Z</time>
      </trkpt>
      <trkpt lat="46.564688" lon="8.941219">
        <ele>1234.164564</ele>
        <time>2026-09-12T09:26:10.913Z</time>
      </trkpt>
      <trkpt lat="46.564590" lon="8.940866">
        <ele>1233.334030</ele>
        <time>2026-09-12T09:26:38.791Z</time>
      </trkpt>
      <trkpt lat="46.563523" lon="8.938219">
        <ele>1226.797853</ele>
        <time>2026-09-12T09:30:20.755Z</time>
      </trkpt>
      <trkpt lat="46.563484" lon="8.938161">
        <ele>1226.626864</ele>
        <time>2026-09-12T09:30:26.870Z</time>
      </trkpt>
      <trkpt lat="46.563371" lon="8.938099">
        <ele>1226.256634</ele>
        <time>2026-09-12T09:30:40.049Z</time>
      </trkpt>
      <trkpt lat="46.563196" lon="8.938049">
        <ele>1225.664647</ele>
        <time>2026-09-12T09:30:59.544Z</time>
      </trkpt>
      <trkpt lat="46.562913" lon="8.938041">
        <ele>1224.270964</ele>
        <time>2026-09-12T09:31:30.883Z</time>
      </trkpt>
      <trkpt lat="46.562742" lon="8.938098">
        <ele>1223.407174</ele>
        <time>2026-09-12T09:31:50.344Z</time>
      </trkpt>
      <trkpt lat="46.561837" lon="8.938726">
        <ele>1218.469986</ele>
        <time>2026-09-12T09:33:41.954Z</time>
      </trkpt>
      <trkpt lat="46.561293" lon="8.938961">
        <ele>1216.167051</ele>
        <time>2026-09-12T09:34:43.880Z</time>
      </trkpt>
      <trkpt lat="46.560801" lon="8.939132">
        <ele>1214.653037</ele>
        <time>2026-09-12T09:35:38.146Z</time>
      </trkpt>
      <trkpt lat="46.560425" lon="8.939435">
        <ele>1213.366467</ele>
        <time>2026-09-12T09:36:23.204Z</time>
      </trkpt>
      <trkpt lat="46.560248" lon="8.939513">
        <ele>1212.812923</ele>
        <time>2026-09-12T09:36:42.546Z</time>
      </trkpt>
      <trkpt lat="46.560096" lon="8.939442">
        <ele>1212.335101</ele>
        <time>2026-09-12T09:36:59.245Z</time>
      </trkpt>
      <trkpt lat="46.559691" lon="8.938879">
        <ele>1210.943792</ele>
        <time>2026-09-12T09:37:57.544Z</time>
      </trkpt>
      <trkpt lat="46.559548" lon="8.938756">
        <ele>1210.606613</ele>
        <time>2026-09-12T09:38:14.803Z</time>
      </trkpt>
      <trkpt lat="46.559404" lon="8.938741">
        <ele>1210.313614</ele>
        <time>2026-09-12T09:38:29.852Z</time>
      </trkpt>
      <trkpt lat="46.559173" lon="8.938795">
        <ele>1209.838779</ele>
        <time>2026-09-12T09:38:54.242Z</time>
      </trkpt>
      <trkpt lat="46.558924" lon="8.938937">
        <ele>1209.295967</ele>
        <time>2026-09-12T09:39:22.222Z</time>
      </trkpt>
      <trkpt lat="46.558779" lon="8.938968">
        <ele>1208.998524</ele>
        <time>2026-09-12T09:39:37.781Z</time>
      </trkpt>
      <trkpt lat="46.558034" lon="8.938990">
        <ele>1207.894864</ele>
        <time>2026-09-12T09:40:56.225Z</time>
      </trkpt>
      <trkpt lat="46.557554" lon="8.939085">
        <ele>1207.894864</ele>
        <time>2026-09-12T09:41:44.849Z</time>
      </trkpt>
      <trkpt lat="46.557557" lon="8.938866">
        <ele>1207.894864</ele>
        <time>2026-09-12T09:42:01.260Z</time>
      </trkpt>
      <trkpt lat="46.557474" lon="8.938140">
        <ele>1207.894864</ele>
        <time>2026-09-12T09:42:59.990Z</time>
      </trkpt>
      <trkpt lat="46.557382" lon="8.938078">
        <ele>1207.894864</ele>
        <time>2026-09-12T09:43:11.934Z</time>
      </trkpt>
      <trkpt lat="46.557266" lon="8.937079">
        <ele>1207.894864</ele>
        <time>2026-09-12T09:44:36.622Z</time>
      </trkpt>
      <trkpt lat="46.557314" lon="8.937044">
        <ele>1207.894864</ele>
        <time>2026-09-12T09:44:43.015Z</time>
      </trkpt>
      <trkpt lat="46.557359" lon="8.936863">
        <ele>1207.894864</ele>
        <time>2026-09-12T09:44:58.918Z</time>
      </trkpt>
      <trkpt lat="46.557158" lon="8.936788">
        <ele>1207.894864</ele>
        <time>2026-09-12T09:45:23.347Z</time>
      </trkpt>
      <trkpt lat="46.557140" lon="8.936571">
        <ele>1207.894864</ele>
        <time>2026-09-12T09:45:40.936Z</time>
      </trkpt>
    </trkseg>
  </trk>
</gpx>